[debug] [2025-02-27T16:48:46.634Z] ----------------------------------------------------------------------
[debug] [2025-02-27T16:48:46.638Z] Command:       C:\Program Files\nodejs\node.exe C:\Users\benze\AppData\Roaming\npm\node_modules\firebase-tools\lib\bin\firebase.js deploy --only functions
[debug] [2025-02-27T16:48:46.638Z] CLI Version:   13.31.2
[debug] [2025-02-27T16:48:46.638Z] Platform:      win32
[debug] [2025-02-27T16:48:46.638Z] Node Version:  v22.12.0
[debug] [2025-02-27T16:48:46.639Z] Time:          Thu Feb 27 2025 11:48:46 GMT-0500 (hora estándar de Colombia)
[debug] [2025-02-27T16:48:46.639Z] ----------------------------------------------------------------------
[debug] 
[debug] [2025-02-27T16:48:47.033Z] > command requires scopes: ["email","openid","https://www.googleapis.com/auth/cloudplatformprojects.readonly","https://www.googleapis.com/auth/firebase","https://www.googleapis.com/auth/cloud-platform"]
[debug] [2025-02-27T16:48:47.034Z] > authorizing via signed-in user (c4r1oszambrano@gmail.com)
[debug] [2025-02-27T16:48:47.034Z] [iam] checking project globtherapist for permissions ["cloudfunctions.functions.create","cloudfunctions.functions.delete","cloudfunctions.functions.get","cloudfunctions.functions.list","cloudfunctions.functions.update","cloudfunctions.operations.get","firebase.projects.get"]
[debug] [2025-02-27T16:48:47.036Z] Checked if tokens are valid: true, expires at: 1740677123489
[debug] [2025-02-27T16:48:47.036Z] Checked if tokens are valid: true, expires at: 1740677123489
[debug] [2025-02-27T16:48:47.038Z] >>> [apiv2][query] POST https://cloudresourcemanager.googleapis.com/v1/projects/globtherapist:testIamPermissions [none]
[debug] [2025-02-27T16:48:47.038Z] >>> [apiv2][(partial)header] POST https://cloudresourcemanager.googleapis.com/v1/projects/globtherapist:testIamPermissions x-goog-quota-user=projects/globtherapist
[debug] [2025-02-27T16:48:47.038Z] >>> [apiv2][body] POST https://cloudresourcemanager.googleapis.com/v1/projects/globtherapist:testIamPermissions {"permissions":["cloudfunctions.functions.create","cloudfunctions.functions.delete","cloudfunctions.functions.get","cloudfunctions.functions.list","cloudfunctions.functions.update","cloudfunctions.operations.get","firebase.projects.get"]}
[debug] [2025-02-27T16:48:47.652Z] <<< [apiv2][status] POST https://cloudresourcemanager.googleapis.com/v1/projects/globtherapist:testIamPermissions 200
[debug] [2025-02-27T16:48:47.653Z] <<< [apiv2][body] POST https://cloudresourcemanager.googleapis.com/v1/projects/globtherapist:testIamPermissions {"permissions":["cloudfunctions.functions.create","cloudfunctions.functions.delete","cloudfunctions.functions.get","cloudfunctions.functions.list","cloudfunctions.functions.update","cloudfunctions.operations.get","firebase.projects.get"]}
[debug] [2025-02-27T16:48:47.654Z] Checked if tokens are valid: true, expires at: 1740677123489
[debug] [2025-02-27T16:48:47.654Z] Checked if tokens are valid: true, expires at: 1740677123489
[debug] [2025-02-27T16:48:47.655Z] >>> [apiv2][query] POST https://iam.googleapis.com/v1/projects/globtherapist/serviceAccounts/globtherapist@appspot.gserviceaccount.com:testIamPermissions [none]
[debug] [2025-02-27T16:48:47.655Z] >>> [apiv2][body] POST https://iam.googleapis.com/v1/projects/globtherapist/serviceAccounts/globtherapist@appspot.gserviceaccount.com:testIamPermissions {"permissions":["iam.serviceAccounts.actAs"]}
[debug] [2025-02-27T16:48:48.184Z] <<< [apiv2][status] POST https://iam.googleapis.com/v1/projects/globtherapist/serviceAccounts/globtherapist@appspot.gserviceaccount.com:testIamPermissions 404
[debug] [2025-02-27T16:48:48.184Z] <<< [apiv2][body] POST https://iam.googleapis.com/v1/projects/globtherapist/serviceAccounts/globtherapist@appspot.gserviceaccount.com:testIamPermissions {"error":{"code":404,"message":"Unknown service account","status":"NOT_FOUND"}}
[debug] [2025-02-27T16:48:48.185Z] [functions] service account IAM check errored, deploy may fail: Request to https://iam.googleapis.com/v1/projects/globtherapist/serviceAccounts/globtherapist@appspot.gserviceaccount.com:testIamPermissions had HTTP Error: 404, Unknown service account {"name":"FirebaseError","children":[],"context":{"body":{"error":{"code":404,"message":"Unknown service account","status":"NOT_FOUND"}},"response":{"statusCode":404}},"exit":1,"message":"Request to https://iam.googleapis.com/v1/projects/globtherapist/serviceAccounts/globtherapist@appspot.gserviceaccount.com:testIamPermissions had HTTP Error: 404, Unknown service account","status":404}
[info] 
[info] === Deploying to 'globtherapist'...
[info] 
[info] i  deploying functions 
[debug] [2025-02-27T16:48:48.191Z] Checked if tokens are valid: true, expires at: 1740677123489
[debug] [2025-02-27T16:48:48.192Z] Checked if tokens are valid: true, expires at: 1740677123489
[debug] [2025-02-27T16:48:48.192Z] >>> [apiv2][query] GET https://cloudresourcemanager.googleapis.com/v1/projects/globtherapist [none]
[debug] [2025-02-27T16:48:48.342Z] <<< [apiv2][status] GET https://cloudresourcemanager.googleapis.com/v1/projects/globtherapist 200
[debug] [2025-02-27T16:48:48.342Z] <<< [apiv2][body] GET https://cloudresourcemanager.googleapis.com/v1/projects/globtherapist {"projectNumber":"269370944595","projectId":"globtherapist","lifecycleState":"ACTIVE","name":"GLOBTHERAPIST","labels":{"firebase":"enabled","firebase-core":"disabled"},"createTime":"2024-12-27T23:28:24.859693Z"}
[info] i  functions: preparing codebase default for deployment 
[info] i  functions: ensuring required API cloudfunctions.googleapis.com is enabled... 
[debug] [2025-02-27T16:48:48.345Z] Checked if tokens are valid: true, expires at: 1740677123489
[debug] [2025-02-27T16:48:48.346Z] Checked if tokens are valid: true, expires at: 1740677123489
[debug] [2025-02-27T16:48:48.346Z] Checked if tokens are valid: true, expires at: 1740677123489
[debug] [2025-02-27T16:48:48.346Z] Checked if tokens are valid: true, expires at: 1740677123489
[info] i  functions: ensuring required API cloudbuild.googleapis.com is enabled... 
[debug] [2025-02-27T16:48:48.347Z] Checked if tokens are valid: true, expires at: 1740677123489
[debug] [2025-02-27T16:48:48.347Z] Checked if tokens are valid: true, expires at: 1740677123489
[info] i  artifactregistry: ensuring required API artifactregistry.googleapis.com is enabled... 
[debug] [2025-02-27T16:48:48.348Z] Checked if tokens are valid: true, expires at: 1740677123489
[debug] [2025-02-27T16:48:48.348Z] Checked if tokens are valid: true, expires at: 1740677123489
[debug] [2025-02-27T16:48:48.349Z] >>> [apiv2][query] GET https://serviceusage.googleapis.com/v1/projects/globtherapist/services/cloudfunctions.googleapis.com [none]
[debug] [2025-02-27T16:48:48.349Z] >>> [apiv2][(partial)header] GET https://serviceusage.googleapis.com/v1/projects/globtherapist/services/cloudfunctions.googleapis.com x-goog-quota-user=projects/globtherapist
[debug] [2025-02-27T16:48:48.351Z] >>> [apiv2][query] GET https://serviceusage.googleapis.com/v1/projects/globtherapist/services/runtimeconfig.googleapis.com [none]
[debug] [2025-02-27T16:48:48.351Z] >>> [apiv2][(partial)header] GET https://serviceusage.googleapis.com/v1/projects/globtherapist/services/runtimeconfig.googleapis.com x-goog-quota-user=projects/globtherapist
[debug] [2025-02-27T16:48:48.353Z] >>> [apiv2][query] GET https://serviceusage.googleapis.com/v1/projects/globtherapist/services/cloudbuild.googleapis.com [none]
[debug] [2025-02-27T16:48:48.353Z] >>> [apiv2][(partial)header] GET https://serviceusage.googleapis.com/v1/projects/globtherapist/services/cloudbuild.googleapis.com x-goog-quota-user=projects/globtherapist
[debug] [2025-02-27T16:48:48.355Z] >>> [apiv2][query] GET https://serviceusage.googleapis.com/v1/projects/globtherapist/services/artifactregistry.googleapis.com [none]
[debug] [2025-02-27T16:48:48.355Z] >>> [apiv2][(partial)header] GET https://serviceusage.googleapis.com/v1/projects/globtherapist/services/artifactregistry.googleapis.com x-goog-quota-user=projects/globtherapist
[debug] [2025-02-27T16:48:49.007Z] <<< [apiv2][status] GET https://serviceusage.googleapis.com/v1/projects/globtherapist/services/cloudbuild.googleapis.com 200
[debug] [2025-02-27T16:48:49.007Z] <<< [apiv2][body] GET https://serviceusage.googleapis.com/v1/projects/globtherapist/services/cloudbuild.googleapis.com [omitted]
[info] +  functions: required API cloudbuild.googleapis.com is enabled 
[debug] [2025-02-27T16:48:49.023Z] <<< [apiv2][status] GET https://serviceusage.googleapis.com/v1/projects/globtherapist/services/runtimeconfig.googleapis.com 200
[debug] [2025-02-27T16:48:49.023Z] <<< [apiv2][body] GET https://serviceusage.googleapis.com/v1/projects/globtherapist/services/runtimeconfig.googleapis.com [omitted]
[debug] [2025-02-27T16:48:49.057Z] <<< [apiv2][status] GET https://serviceusage.googleapis.com/v1/projects/globtherapist/services/artifactregistry.googleapis.com 200
[debug] [2025-02-27T16:48:49.058Z] <<< [apiv2][body] GET https://serviceusage.googleapis.com/v1/projects/globtherapist/services/artifactregistry.googleapis.com [omitted]
[info] +  artifactregistry: required API artifactregistry.googleapis.com is enabled 
[debug] [2025-02-27T16:48:49.112Z] <<< [apiv2][status] GET https://serviceusage.googleapis.com/v1/projects/globtherapist/services/cloudfunctions.googleapis.com 200
[debug] [2025-02-27T16:48:49.112Z] <<< [apiv2][body] GET https://serviceusage.googleapis.com/v1/projects/globtherapist/services/cloudfunctions.googleapis.com [omitted]
[info] +  functions: required API cloudfunctions.googleapis.com is enabled 
[debug] [2025-02-27T16:48:49.113Z] Checked if tokens are valid: true, expires at: 1740677123489
[debug] [2025-02-27T16:48:49.113Z] Checked if tokens are valid: true, expires at: 1740677123489
[debug] [2025-02-27T16:48:49.113Z] >>> [apiv2][query] GET https://firebase.googleapis.com/v1beta1/projects/globtherapist/adminSdkConfig [none]
[debug] [2025-02-27T16:48:49.751Z] <<< [apiv2][status] GET https://firebase.googleapis.com/v1beta1/projects/globtherapist/adminSdkConfig 200
[debug] [2025-02-27T16:48:49.752Z] <<< [apiv2][body] GET https://firebase.googleapis.com/v1beta1/projects/globtherapist/adminSdkConfig {"projectId":"globtherapist","databaseURL":"https://globtherapist-default-rtdb.firebaseio.com","storageBucket":"globtherapist.firebasestorage.app"}
[debug] [2025-02-27T16:48:49.753Z] Checked if tokens are valid: true, expires at: 1740677123489
[debug] [2025-02-27T16:48:49.753Z] Checked if tokens are valid: true, expires at: 1740677123489
[debug] [2025-02-27T16:48:49.753Z] >>> [apiv2][query] GET https://runtimeconfig.googleapis.com/v1beta1/projects/globtherapist/configs [none]
[debug] [2025-02-27T16:48:50.268Z] <<< [apiv2][status] GET https://runtimeconfig.googleapis.com/v1beta1/projects/globtherapist/configs 200
[debug] [2025-02-27T16:48:50.268Z] <<< [apiv2][body] GET https://runtimeconfig.googleapis.com/v1beta1/projects/globtherapist/configs {"configs":[{"name":"projects/globtherapist/configs/agora"}]}
[debug] [2025-02-27T16:48:50.269Z] Checked if tokens are valid: true, expires at: 1740677123489
[debug] [2025-02-27T16:48:50.270Z] Checked if tokens are valid: true, expires at: 1740677123489
[debug] [2025-02-27T16:48:50.270Z] >>> [apiv2][query] GET https://runtimeconfig.googleapis.com/v1beta1/projects/globtherapist/configs/agora/variables [none]
[debug] [2025-02-27T16:48:50.582Z] <<< [apiv2][status] GET https://runtimeconfig.googleapis.com/v1beta1/projects/globtherapist/configs/agora/variables 200
[debug] [2025-02-27T16:48:50.583Z] <<< [apiv2][body] GET https://runtimeconfig.googleapis.com/v1beta1/projects/globtherapist/configs/agora/variables {"variables":[{"name":"projects/globtherapist/configs/agora/variables/app_certificate","updateTime":"2025-02-25T23:25:27.290859121Z"},{"name":"projects/globtherapist/configs/agora/variables/app_id","updateTime":"2025-02-25T23:25:27.290839089Z"}]}
[debug] [2025-02-27T16:48:50.584Z] Checked if tokens are valid: true, expires at: 1740677123489
[debug] [2025-02-27T16:48:50.584Z] Checked if tokens are valid: true, expires at: 1740677123489
[debug] [2025-02-27T16:48:50.584Z] Checked if tokens are valid: true, expires at: 1740677123489
[debug] [2025-02-27T16:48:50.585Z] Checked if tokens are valid: true, expires at: 1740677123489
[debug] [2025-02-27T16:48:50.585Z] >>> [apiv2][query] GET https://runtimeconfig.googleapis.com/v1beta1/projects/globtherapist/configs/agora/variables/app_certificate [none]
[debug] [2025-02-27T16:48:50.586Z] >>> [apiv2][query] GET https://runtimeconfig.googleapis.com/v1beta1/projects/globtherapist/configs/agora/variables/app_id [none]
[debug] [2025-02-27T16:48:50.895Z] <<< [apiv2][status] GET https://runtimeconfig.googleapis.com/v1beta1/projects/globtherapist/configs/agora/variables/app_certificate 200
[debug] [2025-02-27T16:48:50.895Z] <<< [apiv2][body] GET https://runtimeconfig.googleapis.com/v1beta1/projects/globtherapist/configs/agora/variables/app_certificate {"name":"projects/globtherapist/configs/agora/variables/app_certificate","updateTime":"2025-02-25T23:25:27.290859121Z","text":"ba57a0ec1acc43c7ad6da62d4889ddea"}
[debug] [2025-02-27T16:48:50.951Z] <<< [apiv2][status] GET https://runtimeconfig.googleapis.com/v1beta1/projects/globtherapist/configs/agora/variables/app_id 200
[debug] [2025-02-27T16:48:50.951Z] <<< [apiv2][body] GET https://runtimeconfig.googleapis.com/v1beta1/projects/globtherapist/configs/agora/variables/app_id {"name":"projects/globtherapist/configs/agora/variables/app_id","updateTime":"2025-02-25T23:25:27.290839089Z","text":"bff78fc26c24440cbbffe260a9d5ec7d"}
[debug] [2025-02-27T16:48:50.954Z] Validating nodejs source
[warn] !  functions: Runtime Node.js 18 will be deprecated on 2025-04-30 and will be decommissioned on 2025-10-31, after which you will not be able to deploy without upgrading. Consider upgrading now to avoid disruption. See https://cloud.google.com/functions/docs/runtime-support for full details on the lifecycle policy 
[debug] [2025-02-27T16:48:52.860Z] > [functions] package.json contents: {
  "name": "functions",
  "description": "Cloud Functions for Firebase",
  "scripts": {
    "serve": "firebase emulators:start --only functions",
    "shell": "firebase functions:shell",
    "start": "npm run shell",
    "deploy": "firebase deploy --only functions",
    "logs": "firebase functions:log"
  },
  "engines": {
    "node": "18"
  },
  "main": "index.js",
  "dependencies": {
    "agora-access-token": "^2.0.4",
    "firebase-admin": "^12.7.0",
    "firebase-functions": "^6.3.2"
  },
  "devDependencies": {
    "@babel/core": "^7.26.9",
    "@babel/preset-env": "^7.26.9",
    "firebase-functions-test": "^3.1.0"
  },
  "private": true
}
[debug] [2025-02-27T16:48:52.861Z] Building nodejs source
[info] i  functions: Loading and analyzing source code for codebase default to determine what to deploy 
[debug] [2025-02-27T16:48:52.862Z] Could not find functions.yaml. Must use http discovery
[debug] [2025-02-27T16:48:52.876Z] Found firebase-functions binary at 'C:\Users\benze\Documents\GitHub\globtherapist\functions\node_modules\.bin\firebase-functions'
[info] Serving at port 8882

[debug] [2025-02-27T16:48:53.989Z] Got response from /__/functions.yaml {"endpoints":{"createAgoraToken":{"availableMemoryMb":null,"timeoutSeconds":null,"minInstances":null,"maxInstances":null,"ingressSettings":null,"concurrency":null,"serviceAccountEmail":null,"vpc":null,"platform":"gcfv2","labels":{},"httpsTrigger":{},"entryPoint":"createAgoraToken"}},"specVersion":"v1alpha1","requiredAPIs":[],"extensions":{}}
[info] i  extensions: ensuring required API firebaseextensions.googleapis.com is enabled... 
[debug] [2025-02-27T16:48:58.030Z] Checked if tokens are valid: true, expires at: 1740677123489
[debug] [2025-02-27T16:48:58.030Z] Checked if tokens are valid: true, expires at: 1740677123489
[debug] [2025-02-27T16:48:58.030Z] >>> [apiv2][query] GET https://serviceusage.googleapis.com/v1/projects/globtherapist/services/firebaseextensions.googleapis.com [none]
[debug] [2025-02-27T16:48:58.031Z] >>> [apiv2][(partial)header] GET https://serviceusage.googleapis.com/v1/projects/globtherapist/services/firebaseextensions.googleapis.com x-goog-quota-user=projects/globtherapist
[debug] [2025-02-27T16:48:58.674Z] <<< [apiv2][status] GET https://serviceusage.googleapis.com/v1/projects/globtherapist/services/firebaseextensions.googleapis.com 200
[debug] [2025-02-27T16:48:58.674Z] <<< [apiv2][body] GET https://serviceusage.googleapis.com/v1/projects/globtherapist/services/firebaseextensions.googleapis.com [omitted]
[info] +  extensions: required API firebaseextensions.googleapis.com is enabled 
[debug] [2025-02-27T16:48:58.676Z] > command requires scopes: ["email","openid","https://www.googleapis.com/auth/cloudplatformprojects.readonly","https://www.googleapis.com/auth/firebase","https://www.googleapis.com/auth/cloud-platform"]
[debug] [2025-02-27T16:48:58.676Z] > authorizing via signed-in user (c4r1oszambrano@gmail.com)
[debug] [2025-02-27T16:48:58.676Z] [iam] checking project globtherapist for permissions ["firebase.projects.get","firebaseextensions.instances.list"]
[debug] [2025-02-27T16:48:58.677Z] Checked if tokens are valid: true, expires at: 1740677123489
[debug] [2025-02-27T16:48:58.677Z] Checked if tokens are valid: true, expires at: 1740677123489
[debug] [2025-02-27T16:48:58.677Z] >>> [apiv2][query] POST https://cloudresourcemanager.googleapis.com/v1/projects/globtherapist:testIamPermissions [none]
[debug] [2025-02-27T16:48:58.678Z] >>> [apiv2][(partial)header] POST https://cloudresourcemanager.googleapis.com/v1/projects/globtherapist:testIamPermissions x-goog-quota-user=projects/globtherapist
[debug] [2025-02-27T16:48:58.678Z] >>> [apiv2][body] POST https://cloudresourcemanager.googleapis.com/v1/projects/globtherapist:testIamPermissions {"permissions":["firebase.projects.get","firebaseextensions.instances.list"]}
[debug] [2025-02-27T16:48:59.198Z] <<< [apiv2][status] POST https://cloudresourcemanager.googleapis.com/v1/projects/globtherapist:testIamPermissions 200
[debug] [2025-02-27T16:48:59.198Z] <<< [apiv2][body] POST https://cloudresourcemanager.googleapis.com/v1/projects/globtherapist:testIamPermissions {"permissions":["firebase.projects.get","firebaseextensions.instances.list"]}
[debug] [2025-02-27T16:48:59.200Z] Checked if tokens are valid: true, expires at: 1740677123489
[debug] [2025-02-27T16:48:59.200Z] Checked if tokens are valid: true, expires at: 1740677123489
[debug] [2025-02-27T16:48:59.201Z] >>> [apiv2][query] GET https://firebaseextensions.googleapis.com/v1beta/projects/globtherapist/instances pageSize=100&pageToken=
[debug] [2025-02-27T16:48:59.969Z] <<< [apiv2][status] GET https://firebaseextensions.googleapis.com/v1beta/projects/globtherapist/instances 200
[debug] [2025-02-27T16:48:59.970Z] <<< [apiv2][body] GET https://firebaseextensions.googleapis.com/v1beta/projects/globtherapist/instances {"instances":[{"name":"projects/globtherapist/instances/firestore-send-email","createTime":"2025-01-28T20:32:06.366266Z","updateTime":"2025-02-09T18:05:23.329171Z","state":"ACTIVE","config":{"name":"projects/globtherapist/instances/firestore-send-email/configurations/f928f39b-ab04-4704-aabf-97879ad070ae","createTime":"2025-02-09T18:01:38.839014Z","source":{"name":"projects/firebaseextensions/sources/3f824fa3-14a4-4120-9431-845c4b87cd6f","packageUri":"https://storage.googleapis.com/firebase-extensions-packages-prod/firebase-firestore-send-email-0.1.35-479d6813-c1fe-41bf-84a1-4ce1519cd71c.zip","hash":"5f4673d4bda58d94c0b1439e5bc21f12b2c51a70c5b190c64c4a8a50fc02158d","extensionRoot":"/","spec":{"specVersion":"v1beta","name":"firestore-send-email","version":"0.1.35","description":"Composes and sends an email based on the contents of a document written to a specified Cloud Firestore collection.","roles":[{"role":"datastore.user","reason":"Allows this extension to access Cloud Firestore to read and process added email documents."}],"resources":[{"name":"processQueue","type":"firebaseextensions.v1beta.function","propertiesYaml":"eventTrigger:\n  eventType: providers/cloud.firestore/eventTypes/document.write\n  resource: projects/${param:PROJECT_ID}/databases/(default)/documents/${param:MAIL_COLLECTION}/{id}\nruntime: nodejs18\n","description":"Processes document changes in the specified Cloud Firestore collection, delivers emails, and updates the document with delivery status information.","deletionPolicy":"DELETE"}],"billingRequired":true,"author":{"authorName":"Firebase","url":"https://firebase.google.com"},"contributors":[{"authorName":"Michael Bleigh","url":"https://github.com/mbleigh"},{"authorName":"Invertase","email":"oss@invertase.io","url":"https://github.com/invertase"}],"license":"Apache-2.0","releaseNotesUrl":"https://github.com/firebase/extensions/blob/master/firestore-send-email/CHANGELOG.md","sourceUrl":"https://github.com/firebase/extensions/tree/master/firestore-send-email","params":[{"param":"SMTP_CONNECTION_URI","label":"SMTP connection URI","type":"STRING","description":"A URI representing an SMTP server this extension can use to deliver email. Note that port 25 is blocked by Google Cloud Platform, so we recommend using port 587 for SMTP connections. If you're using the SMTPS protocol, we recommend using port 465. In order to keep passwords secure, it is recommended to omit the password from the connection string while using the `SMTP Password` field for entering secrets and passwords. Passwords and secrets should now be included in `SMTP password` field.\nSecure format:\n `smtps://username@gmail.com@smtp.gmail.com:465` (username only)\n `smtps://smtp.gmail.com:465` (No username and password)\nBackwards Compatible (less secure):\n `smtps://username@gmail.com:password@smtp.gmail.com:465`. (username and\npassword)","required":true,"example":"smtps://username@smtp.hostname.com:465","validationRegex":"^(smtp[s]*://(.*?(:[^:@]*)?@)?[^:@]+:[0-9]+(\\\\?[^ ]*)?)$","validationErrorMessage":"Invalid SMTP connection URI. Must be in the form `smtp(s)://username:password@hostname:port` or `smtp(s)://username@hostname:port`."},{"param":"SMTP_PASSWORD","label":"SMTP password","type":"SECRET","description":"User password for the SMTP server"},{"param":"MAIL_COLLECTION","label":"Email documents collection","type":"STRING","description":"What is the path to the collection that contains the documents used to build and send the emails?","required":true,"default":"mail","validationRegex":"^[^/]+(/[^/]+/[^/]+)*$","validationErrorMessage":"Must be a valid Cloud Firestore collection"},{"param":"DEFAULT_FROM","label":"Default FROM address","type":"STRING","description":"The email address to use as the sender's address (if it's not specified in the added email document). You can optionally include a name with the email address (`Friendly Firebaser <foobar@example.com>`). This parameter does not work with [Gmail SMTP](https://nodemailer.com/usage/using-gmail/).","required":true,"example":"foobar@example.com","validationRegex":"^(([^<>()\\[\\]\\.,;:\\s@\\\"]+(\\.[^<>()\\[\\]\\.,;:\\s@\\\"]+)*)|(\\\".+\\\"))@(([^<>()[\\]\\.,;:\\s@\\\"]+\\.)+[^<>()[\\]\\.,;:\\s@\\\"]{2,})$|^.*<(([^<>()\\[\\]\\.,;:\\s@\\\"]+(\\.[^<>()\\[\\]\\.,;:\\s@\\\"]+)*)|(\\\".+\\\"))@(([^<>()[\\]\\.,;:\\s@\\\"]+\\.)+[^<>()[\\]\\.,;:\\s@\\\"]{2,})>$","validationErrorMessage":"Must be a valid email address or valid name plus email address"},{"param":"DEFAULT_REPLY_TO","label":"Default REPLY-TO address","type":"STRING","description":"The email address to use as the reply-to address (if it's not specified in the added email document)."},{"param":"USERS_COLLECTION","label":"Users collection","type":"STRING","description":"A collection of documents keyed by user UID. If the `toUids`, `ccUids`, and/or `bccUids` recipient options are used in the added email document, this extension delivers email to the `email` field based on lookups in this collection."},{"param":"TEMPLATES_COLLECTION","label":"Templates collection","type":"STRING","description":"A collection of email templates keyed by name. This extension can render an email using a [Handlebar](https://handlebarsjs.com/) template, it's recommended to use triple curly braces `{{{  }}}` in your Handlebars templates when the substitution value is a URL or otherwise sensitive to HTML escaping."},{"param":"TTL_EXPIRE_TYPE","label":"Firestore TTL type","type":"SELECT","description":"Do you want the firestore records to be marked with an expireAt field for a TTL policy? If \"Never\" is selected then no expireAt field will be added. Otherwise you may specify the unit of time specified by the TTL_EXPIRE_VALUE parameter. Defaults to \"Never\".","required":true,"options":[{"value":"never","label":"Never"},{"value":"hour","label":"Hour"},{"value":"day","label":"Day"},{"value":"week","label":"Week"},{"value":"month","label":"Month"},{"value":"year","label":"Year"}],"default":"never"},{"param":"TTL_EXPIRE_VALUE","label":"Firestore TTL value","type":"STRING","description":"In the units specified by TTL_EXPIRE_TYPE, how long do you want records to be ineligible for deletion by a TTL policy? This parameter requires the Firestore TTL type parameter to be set to a value other than `Never`. For example, if `Firestore TTL type` is set to `Day` then setting this parameter to `1` will specify a TTL of 1 day.","required":true,"default":"1","validationRegex":"^[1-9][0-9]*$","validationErrorMessage":"The value must be an integer value greater than zero."},{"param":"TLS_OPTIONS","label":"TLS Options","type":"STRING","description":"A JSON value representing TLS options. For more information, see https://nodejs.org/api/tls.html#tls_class_tls_tlssocket"}],"preinstallContent":"Use this extension to render and send emails that contain the information from documents added to a specified Cloud Firestore collection.\n\nAdding a document triggers this extension to send an email built from the document's fields. The document's top-level fields specify the email sender and recipients, including `to`, `cc`, and `bcc` options (each supporting UIDs). The document's `message` field specifies the other email elements, like subject line and email body (either plaintext or HTML)\n\nHere's a basic example document write that would trigger this extension:\n\n```js\nadmin.firestore().collection('mail').add({\n  to: 'someone@example.com',\n  message: {\n    subject: 'Hello from Firebase!',\n    html: 'This is an <code>HTML</code> email body.',\n  },\n})\n```\n\nYou can also optionally configure this extension to render emails using [Handlebar](https://handlebarsjs.com/) templates. Each template is a document stored in a Cloud Firestore collection.\n\nWhen you configure this extension, you'll need to supply your **SMTP credentials for mail delivery**. Note that this extension is for use with bulk email service providers, like SendGrid, Mailgun, etc.\n\n#### Firestore-Send-Email: SendGrid Categories\n\nWhen using SendGrid (`SMTP_CONNECTION_URI` includes `sendgrid.net`), you can assign categories to your emails.\n\n## Example JSON with Categories:\n```json\n{\n  \"to\": [\"example@example.com\"],\n  \"categories\": [\"Example_Category\"],\n  \"message\": {\n    \"subject\": \"Test Email with Categories\",\n    \"text\": \"This is a test email to see if categories work.\",\n    \"html\": \"<strong>This is a test email to see if categories work.</strong>\"\n  }\n}\n```\n\nAdd this document to the Firestore mail collection to send categorized emails.\n\nFor more details, see the [SendGrid Categories documentation](https://docs.sendgrid.com/ui/sending-email/categories).\n\n#### Setup Google App Passwords\n\n**Google** no longer allows **Gmail** users to use their own passwords to authorize third-party apps and services. Instead, you have to use the [Sign in with App Passwords](https://support.google.com/accounts/answer/185833) service to generate a special password for each app you want to authorize. To do so:\n\n1.  Go to your [Google Account](https://myaccount.google.com/).\n2.  Select **Security**.\n3.  Under \"Signing in to Google,\" select **App Passwords**. You may need to sign in. If you don’t have this option, it might be because:\n    1.  2-Step Verification is not set up for your account.\n    2.  2-Step Verification is only set up for security keys.\n    3.  Your account is through work, school, or other organization.\n    4.  You turned on Advanced Protection.\n4.  At the bottom, choose **Select app** and choose **Other** option and then write the name of the app password (e.g. `Firebase Trigger Email from Firestore Extension`) and click **Generate**.\n5.  Follow the instructions to enter the App Password. The App Password is the 16-character code in the yellow bar on your device.\n6.  Tap **Done**.\n\nNow you can use your Google username with the generated password to authorize the extension.\n\n#### Setup Hotmail Passwords\n\nTo use your Outlook/Hotmail email account with this extension, you'll need to have 2FA enabled on your account, and [Create an App Password](https://support.microsoft.com/en-us/help/12409/microsoft-account-app-passwords-and-two-step-verification).\n\n#### Additional setup\n\nBefore installing this extension, make sure that you've [set up a Cloud Firestore database](https://firebase.google.com/docs/firestore/quickstart) in your Firebase project.\n\n#### Automatic Deletion of Email Documents\n\nTo use Firestore's TTL feature for automatic deletion of expired email documents, the extension provides several configuration parameters.\n\nThe extension will set a TTL field in the email documents, but you will need to manually configure a TTL policy for the collection/collection group the extension targets, on the `delivery.expireAt` field.\n\nDetailed instructions for creating a TTL field can be found in the [Firestore TTL Policy documentation](https://firebase.google.com/docs/firestore/ttl).\n\n#### Billing\nTo install an extension, your project must be on the [Blaze (pay as you go) plan](https://firebase.google.com/pricing)\n\n- This extension uses other Firebase and Google Cloud Platform services, which have associated charges if you exceed the service’s no-cost tier:\n  - Cloud Firestore\n  - Cloud Functions (Node.js 10+ runtime. [See FAQs](https://firebase.google.com/support/faq#extensions-pricing))\n\nUsage of this extension also requires you to have SMTP credentials for mail delivery. You are responsible for any associated costs with your usage of your SMTP provider.\n\n#### Further reading & resources\n\nYou can find more information about this extension in the following articles:\n\n- [Sending Emails Using Firestore And Firebase Extensions](https://invertase.link/Y6Nu)","postinstallContent":"### See it in action\n\nYou can test out this extension right away!\n\n1.  Go to your [Cloud Firestore dashboard](https://console.firebase.google.com/project/${param:PROJECT_ID}/firestore/data) in the Firebase console.\n\n1.  If it doesn't already exist, create the collection you specified during installation: `${param:MAIL_COLLECTION}`.\n\n1.  Add a document with a `to` field and a `message` field with the following content:\n\n    ```js\n    to: ['someone@example.com'],\n    message: {\n      subject: 'Hello from Firebase!',\n      text: 'This is the plaintext section of the email body.',\n      html: 'This is the <code>HTML</code> section of the email body.',\n    }\n    ```\n\n1.  In a few seconds, you'll see a `delivery` field appear in the document. The field will update as the extension processes the email.\n\n**Note:** You can also use the [Firebase Admin SDK][admin_sdk] to add a document:\n\n```js\nadmin\n  .firestore()\n  .collection(\"${param:MAIL_COLLECTION}\")\n  .add({\n    to: \"someone@example.com\",\n    message: {\n      subject: \"Hello from Firebase!\",\n      text: \"This is the plaintext section of the email body.\",\n      html: \"This is the <code>HTML</code> section of the email body.\",\n    },\n  })\n  .then(() => console.log(\"Queued email for delivery!\"));\n```\n\n### Using this extension\n\nSee the [official documentation](https://firebase.google.com/docs/extensions/official/firestore-send-email) for information on using this extension, including advanced use cases such as using Handlebars templates and managing email delivery status.\n\n#### Firestore-Send-Email: SendGrid Categories\n\nWhen using SendGrid (`SMTP_CONNECTION_URI` includes `sendgrid.net`), you can assign categories to your emails.\n\n## Example JSON with Categories:\n```json\n{\n  \"to\": [\"example@example.com\"],\n  \"categories\": [\"Example_Category\"],\n  \"message\": {\n    \"subject\": \"Test Email with Categories\",\n    \"text\": \"This is a test email to see if categories work.\",\n    \"html\": \"<strong>This is a test email to see if categories work.</strong>\"\n  }\n}\n```\n\nAdd this document to the Firestore mail collection to send categorized emails.\n\nFor more details, see the [SendGrid Categories documentation](https://docs.sendgrid.com/ui/sending-email/categories).\n\n### Automatic Deletion of Email Documents\n\nTo use Firestore's TTL feature for automatic deletion of expired email documents, the extension provides several configuration parameters.\n\nThe extension will set a TTL field in the email documents, but you will need to manually configure a TTL policy for the collection/collection group the extension targets, on the `delivery.expireAt` field.\n\nDetailed instructions for creating a TTL field can be found in the [Firestore TTL Policy documentation](https://firebase.google.com/docs/firestore/ttl).\n\n\n### Monitoring\n\nAs a best practice, you can [monitor the activity](https://firebase.google.com/docs/extensions/manage-installed-extensions#monitor) of your installed extension, including checks on its health, usage, and logs.\n\n[mail_collection]: https://console.firebase.google.com/project/_/firestore/data~2F${param:MAIL_COLLECTION}\n[admin_sdk]: https://firebase.google.com/docs/admin/setup\n[amp4email]: https://amp.dev/documentation/guides-and-tutorials/learn/email-spec/amp-email-format/\n[handlebars]: https://handlebarsjs.com/\n\n### Further reading & resources\n\nYou can find more information about this extension in the following articles:\n\n- [Sending Emails Using Firestore And Firebase Extensions](https://invertase.link/Y6Nu)","readmeContent":"# Trigger Email from Firestore\n\n**Author**: Firebase (**[https://firebase.google.com](https://firebase.google.com)**)\n\n**Description**: Composes and sends an email based on the contents of a document written to a specified Cloud Firestore collection.\n\n\n\n**Details**: Use this extension to render and send emails that contain the information from documents added to a specified Cloud Firestore collection.\n\nAdding a document triggers this extension to send an email built from the document's fields. The document's top-level fields specify the email sender and recipients, including `to`, `cc`, and `bcc` options (each supporting UIDs). The document's `message` field specifies the other email elements, like subject line and email body (either plaintext or HTML)\n\nHere's a basic example document write that would trigger this extension:\n\n```js\nadmin.firestore().collection('mail').add({\n  to: 'someone@example.com',\n  message: {\n    subject: 'Hello from Firebase!',\n    html: 'This is an <code>HTML</code> email body.',\n  },\n})\n```\n\nYou can also optionally configure this extension to render emails using [Handlebar](https://handlebarsjs.com/) templates. Each template is a document stored in a Cloud Firestore collection.\n\nWhen you configure this extension, you'll need to supply your **SMTP credentials for mail delivery**. Note that this extension is for use with bulk email service providers, like SendGrid, Mailgun, etc.\n\n#### Firestore-Send-Email: SendGrid Categories\n\nWhen using SendGrid (`SMTP_CONNECTION_URI` includes `sendgrid.net`), you can assign categories to your emails.\n\n## Example JSON with Categories:\n```json\n{\n  \"to\": [\"example@example.com\"],\n  \"categories\": [\"Example_Category\"],\n  \"message\": {\n    \"subject\": \"Test Email with Categories\",\n    \"text\": \"This is a test email to see if categories work.\",\n    \"html\": \"<strong>This is a test email to see if categories work.</strong>\"\n  }\n}\n```\n\nAdd this document to the Firestore mail collection to send categorized emails.\n\nFor more details, see the [SendGrid Categories documentation](https://docs.sendgrid.com/ui/sending-email/categories).\n\n#### Setup Google App Passwords\n\n**Google** no longer allows **Gmail** users to use their own passwords to authorize third-party apps and services. Instead, you have to use the [Sign in with App Passwords](https://support.google.com/accounts/answer/185833) service to generate a special password for each app you want to authorize. To do so:\n\n1.  Go to your [Google Account](https://myaccount.google.com/).\n2.  Select **Security**.\n3.  Under \"Signing in to Google,\" select **App Passwords**. You may need to sign in. If you don’t have this option, it might be because:\n    1.  2-Step Verification is not set up for your account.\n    2.  2-Step Verification is only set up for security keys.\n    3.  Your account is through work, school, or other organization.\n    4.  You turned on Advanced Protection.\n4.  At the bottom, choose **Select app** and choose **Other** option and then write the name of the app password (e.g. `Firebase Trigger Email from Firestore Extension`) and click **Generate**.\n5.  Follow the instructions to enter the App Password. The App Password is the 16-character code in the yellow bar on your device.\n6.  Tap **Done**.\n\nNow you can use your Google username with the generated password to authorize the extension.\n\n#### Setup Hotmail Passwords\n\nTo use your Outlook/Hotmail email account with this extension, you'll need to have 2FA enabled on your account, and [Create an App Password](https://support.microsoft.com/en-us/help/12409/microsoft-account-app-passwords-and-two-step-verification).\n\n#### Additional setup\n\nBefore installing this extension, make sure that you've [set up a Cloud Firestore database](https://firebase.google.com/docs/firestore/quickstart) in your Firebase project.\n\n#### Automatic Deletion of Email Documents\n\nTo use Firestore's TTL feature for automatic deletion of expired email documents, the extension provides several configuration parameters.\n\nThe extension will set a TTL field in the email documents, but you will need to manually configure a TTL policy for the collection/collection group the extension targets, on the `delivery.expireAt` field.\n\nDetailed instructions for creating a TTL field can be found in the [Firestore TTL Policy documentation](https://firebase.google.com/docs/firestore/ttl).\n\n#### Billing\nTo install an extension, your project must be on the [Blaze (pay as you go) plan](https://firebase.google.com/pricing)\n\n- This extension uses other Firebase and Google Cloud Platform services, which have associated charges if you exceed the service’s no-cost tier:\n  - Cloud Firestore\n  - Cloud Functions (Node.js 10+ runtime. [See FAQs](https://firebase.google.com/support/faq#extensions-pricing))\n\nUsage of this extension also requires you to have SMTP credentials for mail delivery. You are responsible for any associated costs with your usage of your SMTP provider.\n\n#### Further reading & resources\n\nYou can find more information about this extension in the following articles:\n\n- [Sending Emails Using Firestore And Firebase Extensions](https://invertase.link/Y6Nu)\n\n\n\n**Configuration Parameters:**\n\n* SMTP connection URI: A URI representing an SMTP server this extension can use to deliver email. Note that port 25 is blocked by Google Cloud Platform, so we recommend using port 587 for SMTP connections. If you're using the SMTPS protocol, we recommend using port 465. In order to keep passwords secure, it is recommended to omit the password from the connection string while using the `SMTP Password` field for entering secrets and passwords. Passwords and secrets should now be included in `SMTP password` field.\nSecure format:\n `smtps://username@gmail.com@smtp.gmail.com:465` (username only)\n `smtps://smtp.gmail.com:465` (No username and password)\nBackwards Compatible (less secure):\n `smtps://username@gmail.com:password@smtp.gmail.com:465`. (username and\npassword)\n\n* SMTP password: User password for the SMTP server\n\n* Email documents collection: What is the path to the collection that contains the documents used to build and send the emails?\n\n* Default FROM address: The email address to use as the sender's address (if it's not specified in the added email document). You can optionally include a name with the email address (`Friendly Firebaser <foobar@example.com>`). This parameter does not work with [Gmail SMTP](https://nodemailer.com/usage/using-gmail/).\n\n* Default REPLY-TO address: The email address to use as the reply-to address (if it's not specified in the added email document).\n\n* Users collection: A collection of documents keyed by user UID. If the `toUids`, `ccUids`, and/or `bccUids` recipient options are used in the added email document, this extension delivers email to the `email` field based on lookups in this collection.\n\n* Templates collection: A collection of email templates keyed by name. This extension can render an email using a [Handlebar](https://handlebarsjs.com/) template, it's recommended to use triple curly braces `{{{  }}}` in your Handlebars templates when the substitution value is a URL or otherwise sensitive to HTML escaping.\n\n* Firestore TTL type: Do you want the firestore records to be marked with an expireAt field for a TTL policy? If \"Never\" is selected then no expireAt field will be added. Otherwise you may specify the unit of time specified by the TTL_EXPIRE_VALUE parameter. Defaults to \"Never\".\n\n* Firestore TTL value: In the units specified by TTL_EXPIRE_TYPE, how long do you want records to be ineligible for deletion by a TTL policy? This parameter requires the Firestore TTL type parameter to be set to a value other than `Never`. For example, if `Firestore TTL type` is set to `Day` then setting this parameter to `1` will specify a TTL of 1 day.\n\n* TLS Options: A JSON value representing TLS options. For more information, see https://nodejs.org/api/tls.html#tls_class_tls_tlssocket\n\n\n\n**Cloud Functions:**\n\n* **processQueue:** Processes document changes in the specified Cloud Firestore collection, delivers emails, and updates the document with delivery status information.\n\n\n\n**Access Required**:\n\n\n\nThis extension will operate with the following project IAM roles:\n\n* datastore.user (Reason: Allows this extension to access Cloud Firestore to read and process added email documents.)\n","displayName":"Trigger Email from Firestore","events":[{"type":"firebase.extensions.firestore-send-email.v1.onStart","description":"Occurs when the extension starts execution."},{"type":"firebase.extensions.firestore-send-email.v1.onProcessing","description":"Occurs when the extension attempts to process an email."},{"type":"firebase.extensions.firestore-send-email.v1.onRetry","description":"Occurs when the extension attempts to resend an email."},{"type":"firebase.extensions.firestore-send-email.v1.onPending","description":"Occurs when an email has a pending status."},{"type":"firebase.extensions.firestore-send-email.v1.onSuccess","description":"Occurs when the extension successfully sends an email."},{"type":"firebase.extensions.firestore-send-email.v1.onComplete","description":"Occurs when the extension completes execution."},{"type":"firebase.extensions.firestore-send-email.v1.onError","description":"Occurs when the extension fails to complete execution."}]},"fetchTime":"2025-02-03T13:27:54.042628Z","lastOperationName":"projects/firebaseextensions/operations/66bfd609-2d4d-4175-a9ed-5ab0582be40d","state":"ACTIVE"},"params":{"TTL_EXPIRE_TYPE":"year","TTL_EXPIRE_VALUE":"1","SMTP_CONNECTION_URI":"smtps://globtherapist@gmail.com:ukqmydjbxiakybbn@smtp.gmail.com:465","MAIL_COLLECTION":"mail","DEFAULT_FROM":"globtherapist@gmail.com"},"populatedPostinstallContent":"### See it in action\n\nYou can test out this extension right away!\n\n1.  Go to your [Cloud Firestore dashboard](https://console.firebase.google.com/project/globtherapist/firestore/data) in the Firebase console.\n\n1.  If it doesn't already exist, create the collection you specified during installation: `mail`.\n\n1.  Add a document with a `to` field and a `message` field with the following content:\n\n    ```js\n    to: ['someone@example.com'],\n    message: {\n      subject: 'Hello from Firebase!',\n      text: 'This is the plaintext section of the email body.',\n      html: 'This is the <code>HTML</code> section of the email body.',\n    }\n    ```\n\n1.  In a few seconds, you'll see a `delivery` field appear in the document. The field will update as the extension processes the email.\n\n**Note:** You can also use the [Firebase Admin SDK][admin_sdk] to add a document:\n\n```js\nadmin\n  .firestore()\n  .collection(\"mail\")\n  .add({\n    to: \"someone@example.com\",\n    message: {\n      subject: \"Hello from Firebase!\",\n      text: \"This is the plaintext section of the email body.\",\n      html: \"This is the <code>HTML</code> section of the email body.\",\n    },\n  })\n  .then(() => console.log(\"Queued email for delivery!\"));\n```\n\n### Using this extension\n\nSee the [official documentation](https://firebase.google.com/docs/extensions/official/firestore-send-email) for information on using this extension, including advanced use cases such as using Handlebars templates and managing email delivery status.\n\n#### Firestore-Send-Email: SendGrid Categories\n\nWhen using SendGrid (`SMTP_CONNECTION_URI` includes `sendgrid.net`), you can assign categories to your emails.\n\n## Example JSON with Categories:\n```json\n{\n  \"to\": [\"example@example.com\"],\n  \"categories\": [\"Example_Category\"],\n  \"message\": {\n    \"subject\": \"Test Email with Categories\",\n    \"text\": \"This is a test email to see if categories work.\",\n    \"html\": \"<strong>This is a test email to see if categories work.</strong>\"\n  }\n}\n```\n\nAdd this document to the Firestore mail collection to send categorized emails.\n\nFor more details, see the [SendGrid Categories documentation](https://docs.sendgrid.com/ui/sending-email/categories).\n\n### Automatic Deletion of Email Documents\n\nTo use Firestore's TTL feature for automatic deletion of expired email documents, the extension provides several configuration parameters.\n\nThe extension will set a TTL field in the email documents, but you will need to manually configure a TTL policy for the collection/collection group the extension targets, on the `delivery.expireAt` field.\n\nDetailed instructions for creating a TTL field can be found in the [Firestore TTL Policy documentation](https://firebase.google.com/docs/firestore/ttl).\n\n\n### Monitoring\n\nAs a best practice, you can [monitor the activity](https://firebase.google.com/docs/extensions/manage-installed-extensions#monitor) of your installed extension, including checks on its health, usage, and logs.\n\n[mail_collection]: https://console.firebase.google.com/project/_/firestore/data~2Fmail\n[admin_sdk]: https://firebase.google.com/docs/admin/setup\n[amp4email]: https://amp.dev/documentation/guides-and-tutorials/learn/email-spec/amp-email-format/\n[handlebars]: https://handlebarsjs.com/\n\n### Further reading & resources\n\nYou can find more information about this extension in the following articles:\n\n- [Sending Emails Using Firestore And Firebase Extensions](https://invertase.link/Y6Nu)","extensionRef":"firebase/firestore-send-email","extensionVersion":"0.1.35","systemParams":{"firebaseextensions.v1beta.function/vpcConnectorEgressSettings":"VPC_CONNECTOR_EGRESS_SETTINGS_UNSPECIFIED","firebaseextensions.v1beta.function/minInstances":"0","firebaseextensions.v1beta.function/location":"us-central1","firebaseextensions.v1beta.function/memory":"256"}},"lastOperationName":"projects/globtherapist/operations/c0d17f7f-46a5-43d5-bfe9-f608faba92b3","serviceAccountEmail":"ext-firestore-send-email@globtherapist.iam.gserviceaccount.com","lastOperationType":"CONFIGURE","etag":"8433714abc68caa324bfee2d7263a117fd37ee6bf62b6a126ea3de902db9b795"}]}
[info] i  functions: preparing functions directory for uploading... 
[info] i  functions: packaged C:\Users\benze\Documents\GitHub\globtherapist\functions (74.11 KB) for uploading 
[debug] [2025-02-27T16:49:00.057Z] Checked if tokens are valid: true, expires at: 1740677123489
[debug] [2025-02-27T16:49:00.057Z] Checked if tokens are valid: true, expires at: 1740677123489
[debug] [2025-02-27T16:49:00.057Z] >>> [apiv2][query] GET https://cloudfunctions.googleapis.com/v1/projects/globtherapist/locations/-/functions [none]
[debug] [2025-02-27T16:49:00.932Z] <<< [apiv2][status] GET https://cloudfunctions.googleapis.com/v1/projects/globtherapist/locations/-/functions 200
[debug] [2025-02-27T16:49:00.933Z] <<< [apiv2][body] GET https://cloudfunctions.googleapis.com/v1/projects/globtherapist/locations/-/functions {"functions":[{"name":"projects/globtherapist/locations/us-central1/functions/ext-firestore-send-email-processQueue","description":"Processes document changes in the specified Cloud Firestore collection, delivers emails, and updates the document with delivery status information.","sourceArchiveUrl":"gs://firebase-mod-sources-prod/d2e5bdc7be3e11cf07df1254f3192a014948f1e09083640467a95609e5bad38f","eventTrigger":{"eventType":"providers/cloud.firestore/eventTypes/document.write","resource":"projects/globtherapist/databases/(default)/documents/mail/{id}","service":"firestore.googleapis.com","failurePolicy":{}},"status":"ACTIVE","entryPoint":"processQueue","timeout":"60s","availableMemoryMb":256,"serviceAccountEmail":"ext-firestore-send-email@globtherapist.iam.gserviceaccount.com","updateTime":"2025-02-09T18:05:04.676Z","versionId":"2","labels":{"goog-firebase-ext-iid":"firestore-send-email","firebase-extensions-ar":"enabled","goog-dm":"firebase-ext-firestore-send-email","goog-firebase-ext":"firestore-send-email","deployment-tool":"firebase-extensions"},"environmentVariables":{"DATABASE_INSTANCE":"globtherapist-default-rtdb","DATABASE_URL":"https://globtherapist-default-rtdb.firebaseio.com","DEFAULT_FROM":"globtherapist@gmail.com","EXT_INSTANCE_ID":"firestore-send-email","FIREBASE_CONFIG":"{\"projectId\":\"globtherapist\",\"databaseURL\":\"https://globtherapist-default-rtdb.firebaseio.com\",\"storageBucket\":\"globtherapist.firebasestorage.app\"}","GCLOUD_PROJECT":"globtherapist","LOCATION":"us-central1","MAIL_COLLECTION":"mail","PROJECT_ID":"globtherapist","SMTP_CONNECTION_URI":"smtps://globtherapist@gmail.com:ukqmydjbxiakybbn@smtp.gmail.com:465","STORAGE_BUCKET":"globtherapist.firebasestorage.app","TTL_EXPIRE_TYPE":"year","TTL_EXPIRE_VALUE":"1"},"runtime":"nodejs18","maxInstances":3000,"ingressSettings":"ALLOW_INTERNAL_ONLY","buildId":"5c16bf41-af95-4089-9cba-ed54246e3c9e","buildEnvironmentVariables":{"GOOGLE_NODE_RUN_SCRIPTS":""},"buildName":"projects/269370944595/locations/us-central1/builds/5c16bf41-af95-4089-9cba-ed54246e3c9e","dockerRegistry":"ARTIFACT_REGISTRY","automaticUpdatePolicy":{},"buildServiceAccount":"projects/globtherapist/serviceAccounts/269370944595-compute@developer.gserviceaccount.com"}]}
[debug] [2025-02-27T16:49:00.935Z] Checked if tokens are valid: true, expires at: 1740677123489
[debug] [2025-02-27T16:49:00.935Z] Checked if tokens are valid: true, expires at: 1740677123489
[debug] [2025-02-27T16:49:00.936Z] >>> [apiv2][query] GET https://cloudfunctions.googleapis.com/v2/projects/globtherapist/locations/-/functions filter=environment%3D%22GEN_2%22
[debug] [2025-02-27T16:49:01.433Z] <<< [apiv2][status] GET https://cloudfunctions.googleapis.com/v2/projects/globtherapist/locations/-/functions 200
[debug] [2025-02-27T16:49:01.433Z] <<< [apiv2][body] GET https://cloudfunctions.googleapis.com/v2/projects/globtherapist/locations/-/functions {"functions":[{"name":"projects/globtherapist/locations/us-central1/functions/createAgoraToken","buildConfig":{"build":"projects/269370944595/locations/us-central1/builds/06177302-bea1-455c-98f4-9763af9d3d25","runtime":"nodejs22","entryPoint":"createAgoraToken","source":{"storageSource":{"bucket":"gcf-v2-sources-269370944595-us-central1","object":"createAgoraToken/function-source.zip","generation":"1740673547060207"}},"environmentVariables":{"GOOGLE_NODE_RUN_SCRIPTS":""},"dockerRepository":"projects/globtherapist/locations/us-central1/repositories/gcf-artifacts","sourceProvenance":{"resolvedStorageSource":{"bucket":"gcf-v2-sources-269370944595-us-central1","object":"createAgoraToken/function-source.zip","generation":"1740673547060207"}},"dockerRegistry":"ARTIFACT_REGISTRY","serviceAccount":"projects/globtherapist/serviceAccounts/269370944595-compute@developer.gserviceaccount.com","automaticUpdatePolicy":{}},"state":"FAILED","updateTime":"2025-02-27T16:27:26.925247096Z","labels":{"deployment-tool":"cli-firebase","firebase-functions-hash":"ee50fc76e561488a12ed426ce8edf6a1eb2d3216"},"stateMessages":[{"severity":"ERROR","type":"CloudRunServiceNotFound","message":"Cloud Run service projects/globtherapist/locations/us-central1/services/createagoratoken for the function was not found. The function will not work correctly. Please redeploy."}],"environment":"GEN_2","url":"https://us-central1-globtherapist.cloudfunctions.net/createAgoraToken","createTime":"2025-02-27T16:25:47.535328022Z","satisfiesPzi":true}]}
[info] i  functions: ensuring required API run.googleapis.com is enabled... 
[debug] [2025-02-27T16:49:01.443Z] Checked if tokens are valid: true, expires at: 1740677123489
[debug] [2025-02-27T16:49:01.444Z] Checked if tokens are valid: true, expires at: 1740677123489
[info] i  functions: ensuring required API eventarc.googleapis.com is enabled... 
[debug] [2025-02-27T16:49:01.445Z] Checked if tokens are valid: true, expires at: 1740677123489
[debug] [2025-02-27T16:49:01.445Z] Checked if tokens are valid: true, expires at: 1740677123489
[info] i  functions: ensuring required API pubsub.googleapis.com is enabled... 
[debug] [2025-02-27T16:49:01.447Z] Checked if tokens are valid: true, expires at: 1740677123489
[debug] [2025-02-27T16:49:01.447Z] Checked if tokens are valid: true, expires at: 1740677123489
[info] i  functions: ensuring required API storage.googleapis.com is enabled... 
[debug] [2025-02-27T16:49:01.449Z] Checked if tokens are valid: true, expires at: 1740677123489
[debug] [2025-02-27T16:49:01.450Z] Checked if tokens are valid: true, expires at: 1740677123489
[debug] [2025-02-27T16:49:01.450Z] >>> [apiv2][query] GET https://serviceusage.googleapis.com/v1/projects/globtherapist/services/run.googleapis.com [none]
[debug] [2025-02-27T16:49:01.451Z] >>> [apiv2][(partial)header] GET https://serviceusage.googleapis.com/v1/projects/globtherapist/services/run.googleapis.com x-goog-quota-user=projects/globtherapist
[debug] [2025-02-27T16:49:01.452Z] >>> [apiv2][query] GET https://serviceusage.googleapis.com/v1/projects/globtherapist/services/eventarc.googleapis.com [none]
[debug] [2025-02-27T16:49:01.452Z] >>> [apiv2][(partial)header] GET https://serviceusage.googleapis.com/v1/projects/globtherapist/services/eventarc.googleapis.com x-goog-quota-user=projects/globtherapist
[debug] [2025-02-27T16:49:01.458Z] >>> [apiv2][query] GET https://serviceusage.googleapis.com/v1/projects/globtherapist/services/pubsub.googleapis.com [none]
[debug] [2025-02-27T16:49:01.458Z] >>> [apiv2][(partial)header] GET https://serviceusage.googleapis.com/v1/projects/globtherapist/services/pubsub.googleapis.com x-goog-quota-user=projects/globtherapist
[debug] [2025-02-27T16:49:01.461Z] >>> [apiv2][query] GET https://serviceusage.googleapis.com/v1/projects/globtherapist/services/storage.googleapis.com [none]
[debug] [2025-02-27T16:49:01.461Z] >>> [apiv2][(partial)header] GET https://serviceusage.googleapis.com/v1/projects/globtherapist/services/storage.googleapis.com x-goog-quota-user=projects/globtherapist
[debug] [2025-02-27T16:49:02.006Z] <<< [apiv2][status] GET https://serviceusage.googleapis.com/v1/projects/globtherapist/services/run.googleapis.com 200
[debug] [2025-02-27T16:49:02.006Z] <<< [apiv2][body] GET https://serviceusage.googleapis.com/v1/projects/globtherapist/services/run.googleapis.com [omitted]
[info] +  functions: required API run.googleapis.com is enabled 
[debug] [2025-02-27T16:49:02.150Z] <<< [apiv2][status] GET https://serviceusage.googleapis.com/v1/projects/globtherapist/services/eventarc.googleapis.com 200
[debug] [2025-02-27T16:49:02.150Z] <<< [apiv2][body] GET https://serviceusage.googleapis.com/v1/projects/globtherapist/services/eventarc.googleapis.com [omitted]
[info] +  functions: required API eventarc.googleapis.com is enabled 
[debug] [2025-02-27T16:49:02.152Z] <<< [apiv2][status] GET https://serviceusage.googleapis.com/v1/projects/globtherapist/services/pubsub.googleapis.com 200
[debug] [2025-02-27T16:49:02.152Z] <<< [apiv2][body] GET https://serviceusage.googleapis.com/v1/projects/globtherapist/services/pubsub.googleapis.com [omitted]
[info] +  functions: required API pubsub.googleapis.com is enabled 
[debug] [2025-02-27T16:49:02.153Z] <<< [apiv2][status] GET https://serviceusage.googleapis.com/v1/projects/globtherapist/services/storage.googleapis.com 200
[debug] [2025-02-27T16:49:02.153Z] <<< [apiv2][body] GET https://serviceusage.googleapis.com/v1/projects/globtherapist/services/storage.googleapis.com [omitted]
[info] +  functions: required API storage.googleapis.com is enabled 
[info] i  functions: generating the service identity for pubsub.googleapis.com... 
[debug] [2025-02-27T16:49:02.155Z] Checked if tokens are valid: true, expires at: 1740677123489
[debug] [2025-02-27T16:49:02.155Z] Checked if tokens are valid: true, expires at: 1740677123489
[info] i  functions: generating the service identity for eventarc.googleapis.com... 
[debug] [2025-02-27T16:49:02.155Z] Checked if tokens are valid: true, expires at: 1740677123489
[debug] [2025-02-27T16:49:02.155Z] Checked if tokens are valid: true, expires at: 1740677123489
[debug] [2025-02-27T16:49:02.155Z] >>> [apiv2][query] POST https://serviceusage.googleapis.com/v1beta1/projects/269370944595/services/pubsub.googleapis.com:generateServiceIdentity [none]
[debug] [2025-02-27T16:49:02.156Z] >>> [apiv2][query] POST https://serviceusage.googleapis.com/v1beta1/projects/269370944595/services/eventarc.googleapis.com:generateServiceIdentity [none]
[debug] [2025-02-27T16:49:02.840Z] <<< [apiv2][status] POST https://serviceusage.googleapis.com/v1beta1/projects/269370944595/services/pubsub.googleapis.com:generateServiceIdentity 200
[debug] [2025-02-27T16:49:02.840Z] <<< [apiv2][body] POST https://serviceusage.googleapis.com/v1beta1/projects/269370944595/services/pubsub.googleapis.com:generateServiceIdentity {"name":"operations/finished.DONE_OPERATION","done":true,"response":{"@type":"type.googleapis.com/google.api.serviceusage.v1beta1.ServiceIdentity","email":"service-269370944595@gcp-sa-pubsub.iam.gserviceaccount.com","uniqueId":"101596481911880466171"}}
[debug] [2025-02-27T16:49:02.843Z] <<< [apiv2][status] POST https://serviceusage.googleapis.com/v1beta1/projects/269370944595/services/eventarc.googleapis.com:generateServiceIdentity 200
[debug] [2025-02-27T16:49:02.844Z] <<< [apiv2][body] POST https://serviceusage.googleapis.com/v1beta1/projects/269370944595/services/eventarc.googleapis.com:generateServiceIdentity {"name":"operations/finished.DONE_OPERATION","done":true,"response":{"@type":"type.googleapis.com/google.api.serviceusage.v1beta1.ServiceIdentity","email":"service-269370944595@gcp-sa-eventarc.iam.gserviceaccount.com","uniqueId":"103000660409808122448"}}
[debug] [2025-02-27T16:49:02.850Z] Checked if tokens are valid: true, expires at: 1740677123489
[debug] [2025-02-27T16:49:02.851Z] Checked if tokens are valid: true, expires at: 1740677123489
[debug] [2025-02-27T16:49:02.851Z] >>> [apiv2][query] GET https://cloudresourcemanager.googleapis.com/v1/projects/globtherapist [none]
[debug] [2025-02-27T16:49:03.000Z] <<< [apiv2][status] GET https://cloudresourcemanager.googleapis.com/v1/projects/globtherapist 200
[debug] [2025-02-27T16:49:03.000Z] <<< [apiv2][body] GET https://cloudresourcemanager.googleapis.com/v1/projects/globtherapist {"projectNumber":"269370944595","projectId":"globtherapist","lifecycleState":"ACTIVE","name":"GLOBTHERAPIST","labels":{"firebase":"enabled","firebase-core":"disabled"},"createTime":"2024-12-27T23:28:24.859693Z"}
[debug] [2025-02-27T16:49:03.003Z] Checked if tokens are valid: true, expires at: 1740677123489
[debug] [2025-02-27T16:49:03.003Z] Checked if tokens are valid: true, expires at: 1740677123489
[debug] [2025-02-27T16:49:03.004Z] >>> [apiv2][query] GET https://cloudbilling.googleapis.com/v1/projects/globtherapist/billingInfo [none]
[debug] [2025-02-27T16:49:03.460Z] <<< [apiv2][status] GET https://cloudbilling.googleapis.com/v1/projects/globtherapist/billingInfo 200
[debug] [2025-02-27T16:49:03.460Z] <<< [apiv2][body] GET https://cloudbilling.googleapis.com/v1/projects/globtherapist/billingInfo {"name":"projects/globtherapist/billingInfo","projectId":"globtherapist","billingAccountName":"billingAccounts/01E538-BF3373-093FC3","billingEnabled":true}
[debug] [2025-02-27T16:49:03.462Z] Checked if tokens are valid: true, expires at: 1740677123489
[debug] [2025-02-27T16:49:03.462Z] Checked if tokens are valid: true, expires at: 1740677123489
[debug] [2025-02-27T16:49:03.462Z] >>> [apiv2][query] POST https://cloudfunctions.googleapis.com/v2/projects/globtherapist/locations/us-central1/functions:generateUploadUrl [none]
[debug] [2025-02-27T16:49:03.809Z] <<< [apiv2][status] POST https://cloudfunctions.googleapis.com/v2/projects/globtherapist/locations/us-central1/functions:generateUploadUrl 200
[debug] [2025-02-27T16:49:03.809Z] <<< [apiv2][body] POST https://cloudfunctions.googleapis.com/v2/projects/globtherapist/locations/us-central1/functions:generateUploadUrl {"uploadUrl":"https://storage.googleapis.com/gcf-v2-uploads-269370944595.us-central1.cloudfunctions.appspot.com/7be1846d-8ead-4876-8e11-87b2c594b2c8.zip?GoogleAccessId=service-269370944595@gcf-admin-robot.iam.gserviceaccount.com&Expires=1740676743&Signature=dWIkSTPmYOVfu3PUkDCNesYdYk9gb7H2uLGkpj296jTE2%2FDeEXw8XemPI7WnXGyXRrtq%2FcB%2FrWByH7st2VhlCfUqKdq3r4vsJYtvCoHgGPmAtKzhgCMznmGyn33gxNT%2B9vQxGAjVIrnmaK6CjFButjvCkPmkQNLp5iTCvualGx9IiScHi5xXvQzNHPSj8eKBT%2FA5EJAwZCqvvrKXMsWdAExkK8Lolcz6fLk86swty7RNgED5kMGOAQs9xIRr1PLfYfAU1P0kzzu%2F8ANuVr%2BpdAFl4Gkg%2FpynuCuLyWLt4FoeYI7hfZQdy44tFvpdxzooIvBl2CxUHMV%2FKIJubv6%2Fyg%3D%3D","storageSource":{"bucket":"gcf-v2-uploads-269370944595.us-central1.cloudfunctions.appspot.com","object":"7be1846d-8ead-4876-8e11-87b2c594b2c8.zip"}}
[debug] [2025-02-27T16:49:03.812Z] >>> [apiv2][query] PUT https://storage.googleapis.com/gcf-v2-uploads-269370944595.us-central1.cloudfunctions.appspot.com/7be1846d-8ead-4876-8e11-87b2c594b2c8.zip GoogleAccessId=service-269370944595%40gcf-admin-robot.iam.gserviceaccount.com&Expires=1740676743&Signature=dWIkSTPmYOVfu3PUkDCNesYdYk9gb7H2uLGkpj296jTE2%2FDeEXw8XemPI7WnXGyXRrtq%2FcB%2FrWByH7st2VhlCfUqKdq3r4vsJYtvCoHgGPmAtKzhgCMznmGyn33gxNT%2B9vQxGAjVIrnmaK6CjFButjvCkPmkQNLp5iTCvualGx9IiScHi5xXvQzNHPSj8eKBT%2FA5EJAwZCqvvrKXMsWdAExkK8Lolcz6fLk86swty7RNgED5kMGOAQs9xIRr1PLfYfAU1P0kzzu%2F8ANuVr%2BpdAFl4Gkg%2FpynuCuLyWLt4FoeYI7hfZQdy44tFvpdxzooIvBl2CxUHMV%2FKIJubv6%2Fyg%3D%3D
[debug] [2025-02-27T16:49:03.812Z] >>> [apiv2][body] PUT https://storage.googleapis.com/gcf-v2-uploads-269370944595.us-central1.cloudfunctions.appspot.com/7be1846d-8ead-4876-8e11-87b2c594b2c8.zip [stream]
[debug] [2025-02-27T16:49:04.339Z] <<< [apiv2][status] PUT https://storage.googleapis.com/gcf-v2-uploads-269370944595.us-central1.cloudfunctions.appspot.com/7be1846d-8ead-4876-8e11-87b2c594b2c8.zip 200
[debug] [2025-02-27T16:49:04.339Z] <<< [apiv2][body] PUT https://storage.googleapis.com/gcf-v2-uploads-269370944595.us-central1.cloudfunctions.appspot.com/7be1846d-8ead-4876-8e11-87b2c594b2c8.zip [omitted]
[info] +  functions: functions folder uploaded successfully 
[info] i  functions: updating Node.js 18 (2nd Gen) function createAgoraToken(us-central1)... 
[debug] [2025-02-27T16:49:04.361Z] Checked if tokens are valid: true, expires at: 1740677123489
[debug] [2025-02-27T16:49:04.361Z] Checked if tokens are valid: true, expires at: 1740677123489
[debug] [2025-02-27T16:49:04.362Z] >>> [apiv2][query] PATCH https://cloudfunctions.googleapis.com/v2/projects/globtherapist/locations/us-central1/functions/createAgoraToken updateMask=name%2CbuildConfig.runtime%2CbuildConfig.entryPoint%2CbuildConfig.source.storageSource.bucket%2CbuildConfig.source.storageSource.object%2CbuildConfig.environmentVariables%2CbuildConfig.sourceToken%2CserviceConfig.environmentVariables%2CserviceConfig.ingressSettings%2CserviceConfig.timeoutSeconds%2CserviceConfig.serviceAccountEmail%2CserviceConfig.availableMemory%2CserviceConfig.minInstanceCount%2CserviceConfig.maxInstanceCount%2CserviceConfig.maxInstanceRequestConcurrency%2CserviceConfig.availableCpu%2CserviceConfig.vpcConnector%2CserviceConfig.vpcConnectorEgressSettings%2Clabels%2CbuildConfig.buildEnvironmentVariables
[debug] [2025-02-27T16:49:04.362Z] >>> [apiv2][body] PATCH https://cloudfunctions.googleapis.com/v2/projects/globtherapist/locations/us-central1/functions/createAgoraToken {"name":"projects/globtherapist/locations/us-central1/functions/createAgoraToken","buildConfig":{"runtime":"nodejs18","entryPoint":"createAgoraToken","source":{"storageSource":{"bucket":"gcf-v2-uploads-269370944595.us-central1.cloudfunctions.appspot.com","object":"7be1846d-8ead-4876-8e11-87b2c594b2c8.zip"}},"environmentVariables":{"GOOGLE_NODE_RUN_SCRIPTS":""}},"serviceConfig":{"environmentVariables":{"FIREBASE_CONFIG":"{\"projectId\":\"globtherapist\",\"databaseURL\":\"https://globtherapist-default-rtdb.firebaseio.com\",\"storageBucket\":\"globtherapist.firebasestorage.app\"}","GCLOUD_PROJECT":"globtherapist","EVENTARC_CLOUD_EVENT_SOURCE":"projects/globtherapist/locations/us-central1/services/createAgoraToken","FUNCTION_TARGET":"createAgoraToken"},"ingressSettings":null,"timeoutSeconds":null,"serviceAccountEmail":null,"availableMemory":"256Mi","minInstanceCount":null,"maxInstanceCount":null,"maxInstanceRequestConcurrency":80,"availableCpu":"1","vpcConnector":null,"vpcConnectorEgressSettings":null},"labels":{"deployment-tool":"cli-firebase","firebase-functions-hash":"a2832a8960e138e6ba08af68d2048e900da3ba78"}}
[debug] [2025-02-27T16:49:05.515Z] <<< [apiv2][status] PATCH https://cloudfunctions.googleapis.com/v2/projects/globtherapist/locations/us-central1/functions/createAgoraToken 200
[debug] [2025-02-27T16:49:05.515Z] <<< [apiv2][body] PATCH https://cloudfunctions.googleapis.com/v2/projects/globtherapist/locations/us-central1/functions/createAgoraToken {"name":"projects/globtherapist/locations/us-central1/operations/operation-1740674944118-62f2277b6ae70-a175b3fb-eeb6b21c","metadata":{"@type":"type.googleapis.com/google.cloud.functions.v2.OperationMetadata","createTime":"2025-02-27T16:49:04.947197930Z","target":"projects/globtherapist/locations/us-central1/functions/createAgoraToken","verb":"update","cancelRequested":false,"apiVersion":"v2"},"done":false}
[debug] [2025-02-27T16:49:05.516Z] Checked if tokens are valid: true, expires at: 1740677123489
[debug] [2025-02-27T16:49:05.516Z] Checked if tokens are valid: true, expires at: 1740677123489
[debug] [2025-02-27T16:49:05.516Z] >>> [apiv2][query] GET https://cloudfunctions.googleapis.com/v2/projects/globtherapist/locations/us-central1/operations/operation-1740674944118-62f2277b6ae70-a175b3fb-eeb6b21c [none]
[debug] [2025-02-27T16:49:05.875Z] <<< [apiv2][status] GET https://cloudfunctions.googleapis.com/v2/projects/globtherapist/locations/us-central1/operations/operation-1740674944118-62f2277b6ae70-a175b3fb-eeb6b21c 200
[debug] [2025-02-27T16:49:05.875Z] <<< [apiv2][body] GET https://cloudfunctions.googleapis.com/v2/projects/globtherapist/locations/us-central1/operations/operation-1740674944118-62f2277b6ae70-a175b3fb-eeb6b21c {"name":"projects/globtherapist/locations/us-central1/operations/operation-1740674944118-62f2277b6ae70-a175b3fb-eeb6b21c","metadata":{"@type":"type.googleapis.com/google.cloud.functions.v2.OperationMetadata","createTime":"2025-02-27T16:49:04.947197930Z","target":"projects/globtherapist/locations/us-central1/functions/createAgoraToken","verb":"update","cancelRequested":false,"apiVersion":"v2","requestResource":{"@type":"type.googleapis.com/google.cloud.functions.v2.Function","name":"projects/globtherapist/locations/us-central1/functions/createAgoraToken","buildConfig":{"runtime":"nodejs18","entryPoint":"createAgoraToken","source":{"storageSource":{"bucket":"gcf-v2-sources-269370944595-us-central1","object":"createAgoraToken/function-source.zip","generation":"1740674944862032"}},"environmentVariables":{"GOOGLE_NODE_RUN_SCRIPTS":""},"dockerRepository":"projects/globtherapist/locations/us-central1/repositories/gcf-artifacts","sourceProvenance":{"resolvedStorageSource":{"bucket":"gcf-v2-sources-269370944595-us-central1","object":"createAgoraToken/function-source.zip","generation":"1740673547060207"}},"dockerRegistry":"ARTIFACT_REGISTRY","serviceAccount":"projects/globtherapist/serviceAccounts/269370944595-compute@developer.gserviceaccount.com","automaticUpdatePolicy":{}},"serviceConfig":{"service":"projects/globtherapist/locations/us-central1/services/createagoratoken","timeoutSeconds":60,"environmentVariables":{"FIREBASE_CONFIG":"{\"projectId\":\"globtherapist\",\"databaseURL\":\"https://globtherapist-default-rtdb.firebaseio.com\",\"storageBucket\":\"globtherapist.firebasestorage.app\"}","GCLOUD_PROJECT":"globtherapist","EVENTARC_CLOUD_EVENT_SOURCE":"projects/globtherapist/locations/us-central1/services/createAgoraToken","FUNCTION_TARGET":"createAgoraToken","LOG_EXECUTION_ID":"true"},"ingressSettings":"ALLOW_ALL","serviceAccountEmail":"269370944595-compute@developer.gserviceaccount.com","availableMemory":"256Mi","maxInstanceRequestConcurrency":80,"availableCpu":"1"},"state":"FAILED","labels":{"firebase-functions-hash":"a2832a8960e138e6ba08af68d2048e900da3ba78"},"stateMessages":[{"severity":"ERROR","type":"CloudRunServiceNotFound","message":"Cloud Run service projects/globtherapist/locations/us-central1/services/createagoratoken for the function was not found. The function will not work correctly. Please redeploy."}],"environment":"GEN_2","url":"https://us-central1-globtherapist.cloudfunctions.net/createAgoraToken","satisfiesPzi":true},"stages":[{"name":"BUILD","state":"NOT_STARTED","stateMessages":[{"severity":"WARNING","type":"BuildAnalysisWarning","message":"Node.js 18 is no longer supported by the Node.js community as of 30 April, 2025. Node.js 18 will be deprecated on 2025-04-30. We recommend you to upgrade to the latest version of Node.js as soon as possible."}]},{"name":"SERVICE","state":"NOT_STARTED"}],"operationType":"UPDATE_FUNCTION"},"done":false}
[debug] [2025-02-27T16:49:06.391Z] [update-default-us-central1-createAgoraToken] Retrying task index 0
[debug] [2025-02-27T16:49:06.391Z] Checked if tokens are valid: true, expires at: 1740677123489
[debug] [2025-02-27T16:49:06.392Z] Checked if tokens are valid: true, expires at: 1740677123489
[debug] [2025-02-27T16:49:06.392Z] >>> [apiv2][query] GET https://cloudfunctions.googleapis.com/v2/projects/globtherapist/locations/us-central1/operations/operation-1740674944118-62f2277b6ae70-a175b3fb-eeb6b21c [none]
[debug] [2025-02-27T16:49:06.673Z] <<< [apiv2][status] GET https://cloudfunctions.googleapis.com/v2/projects/globtherapist/locations/us-central1/operations/operation-1740674944118-62f2277b6ae70-a175b3fb-eeb6b21c 200
[debug] [2025-02-27T16:49:06.673Z] <<< [apiv2][body] GET https://cloudfunctions.googleapis.com/v2/projects/globtherapist/locations/us-central1/operations/operation-1740674944118-62f2277b6ae70-a175b3fb-eeb6b21c {"name":"projects/globtherapist/locations/us-central1/operations/operation-1740674944118-62f2277b6ae70-a175b3fb-eeb6b21c","metadata":{"@type":"type.googleapis.com/google.cloud.functions.v2.OperationMetadata","createTime":"2025-02-27T16:49:04.947197930Z","target":"projects/globtherapist/locations/us-central1/functions/createAgoraToken","verb":"update","cancelRequested":false,"apiVersion":"v2","requestResource":{"@type":"type.googleapis.com/google.cloud.functions.v2.Function","name":"projects/globtherapist/locations/us-central1/functions/createAgoraToken","buildConfig":{"runtime":"nodejs18","entryPoint":"createAgoraToken","source":{"storageSource":{"bucket":"gcf-v2-sources-269370944595-us-central1","object":"createAgoraToken/function-source.zip","generation":"1740674944862032"}},"environmentVariables":{"GOOGLE_NODE_RUN_SCRIPTS":""},"dockerRepository":"projects/globtherapist/locations/us-central1/repositories/gcf-artifacts","sourceProvenance":{"resolvedStorageSource":{"bucket":"gcf-v2-sources-269370944595-us-central1","object":"createAgoraToken/function-source.zip","generation":"1740673547060207"}},"dockerRegistry":"ARTIFACT_REGISTRY","serviceAccount":"projects/globtherapist/serviceAccounts/269370944595-compute@developer.gserviceaccount.com","automaticUpdatePolicy":{}},"serviceConfig":{"service":"projects/globtherapist/locations/us-central1/services/createagoratoken","timeoutSeconds":60,"environmentVariables":{"FIREBASE_CONFIG":"{\"projectId\":\"globtherapist\",\"databaseURL\":\"https://globtherapist-default-rtdb.firebaseio.com\",\"storageBucket\":\"globtherapist.firebasestorage.app\"}","GCLOUD_PROJECT":"globtherapist","EVENTARC_CLOUD_EVENT_SOURCE":"projects/globtherapist/locations/us-central1/services/createAgoraToken","FUNCTION_TARGET":"createAgoraToken","LOG_EXECUTION_ID":"true"},"ingressSettings":"ALLOW_ALL","serviceAccountEmail":"269370944595-compute@developer.gserviceaccount.com","availableMemory":"256Mi","maxInstanceRequestConcurrency":80,"availableCpu":"1"},"state":"FAILED","labels":{"firebase-functions-hash":"a2832a8960e138e6ba08af68d2048e900da3ba78"},"stateMessages":[{"severity":"ERROR","type":"CloudRunServiceNotFound","message":"Cloud Run service projects/globtherapist/locations/us-central1/services/createagoratoken for the function was not found. The function will not work correctly. Please redeploy."}],"environment":"GEN_2","url":"https://us-central1-globtherapist.cloudfunctions.net/createAgoraToken","satisfiesPzi":true},"stages":[{"name":"BUILD","message":"Build in progress","state":"IN_PROGRESS","resource":"projects/269370944595/locations/us-central1/builds/df1039ea-5980-4637-9e70-196063157010","resourceUri":"https://console.cloud.google.com/cloud-build/builds;region=us-central1/df1039ea-5980-4637-9e70-196063157010?project=269370944595"},{"name":"SERVICE","state":"NOT_STARTED"}],"operationType":"UPDATE_FUNCTION","buildName":"projects/269370944595/locations/us-central1/builds/df1039ea-5980-4637-9e70-196063157010"},"done":false}
[debug] [2025-02-27T16:49:07.682Z] [update-default-us-central1-createAgoraToken] Retrying task index 0
[debug] [2025-02-27T16:49:07.683Z] Checked if tokens are valid: true, expires at: 1740677123489
[debug] [2025-02-27T16:49:07.683Z] Checked if tokens are valid: true, expires at: 1740677123489
[debug] [2025-02-27T16:49:07.683Z] >>> [apiv2][query] GET https://cloudfunctions.googleapis.com/v2/projects/globtherapist/locations/us-central1/operations/operation-1740674944118-62f2277b6ae70-a175b3fb-eeb6b21c [none]
[debug] [2025-02-27T16:49:07.953Z] <<< [apiv2][status] GET https://cloudfunctions.googleapis.com/v2/projects/globtherapist/locations/us-central1/operations/operation-1740674944118-62f2277b6ae70-a175b3fb-eeb6b21c 200
[debug] [2025-02-27T16:49:07.953Z] <<< [apiv2][body] GET https://cloudfunctions.googleapis.com/v2/projects/globtherapist/locations/us-central1/operations/operation-1740674944118-62f2277b6ae70-a175b3fb-eeb6b21c {"name":"projects/globtherapist/locations/us-central1/operations/operation-1740674944118-62f2277b6ae70-a175b3fb-eeb6b21c","metadata":{"@type":"type.googleapis.com/google.cloud.functions.v2.OperationMetadata","createTime":"2025-02-27T16:49:04.947197930Z","target":"projects/globtherapist/locations/us-central1/functions/createAgoraToken","verb":"update","cancelRequested":false,"apiVersion":"v2","requestResource":{"@type":"type.googleapis.com/google.cloud.functions.v2.Function","name":"projects/globtherapist/locations/us-central1/functions/createAgoraToken","buildConfig":{"runtime":"nodejs18","entryPoint":"createAgoraToken","source":{"storageSource":{"bucket":"gcf-v2-sources-269370944595-us-central1","object":"createAgoraToken/function-source.zip","generation":"1740674944862032"}},"environmentVariables":{"GOOGLE_NODE_RUN_SCRIPTS":""},"dockerRepository":"projects/globtherapist/locations/us-central1/repositories/gcf-artifacts","sourceProvenance":{"resolvedStorageSource":{"bucket":"gcf-v2-sources-269370944595-us-central1","object":"createAgoraToken/function-source.zip","generation":"1740673547060207"}},"dockerRegistry":"ARTIFACT_REGISTRY","serviceAccount":"projects/globtherapist/serviceAccounts/269370944595-compute@developer.gserviceaccount.com","automaticUpdatePolicy":{}},"serviceConfig":{"service":"projects/globtherapist/locations/us-central1/services/createagoratoken","timeoutSeconds":60,"environmentVariables":{"FIREBASE_CONFIG":"{\"projectId\":\"globtherapist\",\"databaseURL\":\"https://globtherapist-default-rtdb.firebaseio.com\",\"storageBucket\":\"globtherapist.firebasestorage.app\"}","GCLOUD_PROJECT":"globtherapist","EVENTARC_CLOUD_EVENT_SOURCE":"projects/globtherapist/locations/us-central1/services/createAgoraToken","FUNCTION_TARGET":"createAgoraToken","LOG_EXECUTION_ID":"true"},"ingressSettings":"ALLOW_ALL","serviceAccountEmail":"269370944595-compute@developer.gserviceaccount.com","availableMemory":"256Mi","maxInstanceRequestConcurrency":80,"availableCpu":"1"},"state":"FAILED","labels":{"firebase-functions-hash":"a2832a8960e138e6ba08af68d2048e900da3ba78"},"stateMessages":[{"severity":"ERROR","type":"CloudRunServiceNotFound","message":"Cloud Run service projects/globtherapist/locations/us-central1/services/createagoratoken for the function was not found. The function will not work correctly. Please redeploy."}],"environment":"GEN_2","url":"https://us-central1-globtherapist.cloudfunctions.net/createAgoraToken","satisfiesPzi":true},"stages":[{"name":"BUILD","message":"Build in progress","state":"IN_PROGRESS","resource":"projects/269370944595/locations/us-central1/builds/df1039ea-5980-4637-9e70-196063157010","resourceUri":"https://console.cloud.google.com/cloud-build/builds;region=us-central1/df1039ea-5980-4637-9e70-196063157010?project=269370944595"},{"name":"SERVICE","state":"NOT_STARTED"}],"operationType":"UPDATE_FUNCTION","buildName":"projects/269370944595/locations/us-central1/builds/df1039ea-5980-4637-9e70-196063157010"},"done":false}
[debug] [2025-02-27T16:49:09.958Z] [update-default-us-central1-createAgoraToken] Retrying task index 0
[debug] [2025-02-27T16:49:09.959Z] Checked if tokens are valid: true, expires at: 1740677123489
[debug] [2025-02-27T16:49:09.959Z] Checked if tokens are valid: true, expires at: 1740677123489
[debug] [2025-02-27T16:49:09.959Z] >>> [apiv2][query] GET https://cloudfunctions.googleapis.com/v2/projects/globtherapist/locations/us-central1/operations/operation-1740674944118-62f2277b6ae70-a175b3fb-eeb6b21c [none]
[debug] [2025-02-27T16:49:10.220Z] <<< [apiv2][status] GET https://cloudfunctions.googleapis.com/v2/projects/globtherapist/locations/us-central1/operations/operation-1740674944118-62f2277b6ae70-a175b3fb-eeb6b21c 200
[debug] [2025-02-27T16:49:10.220Z] <<< [apiv2][body] GET https://cloudfunctions.googleapis.com/v2/projects/globtherapist/locations/us-central1/operations/operation-1740674944118-62f2277b6ae70-a175b3fb-eeb6b21c {"name":"projects/globtherapist/locations/us-central1/operations/operation-1740674944118-62f2277b6ae70-a175b3fb-eeb6b21c","metadata":{"@type":"type.googleapis.com/google.cloud.functions.v2.OperationMetadata","createTime":"2025-02-27T16:49:04.947197930Z","target":"projects/globtherapist/locations/us-central1/functions/createAgoraToken","verb":"update","cancelRequested":false,"apiVersion":"v2","requestResource":{"@type":"type.googleapis.com/google.cloud.functions.v2.Function","name":"projects/globtherapist/locations/us-central1/functions/createAgoraToken","buildConfig":{"runtime":"nodejs18","entryPoint":"createAgoraToken","source":{"storageSource":{"bucket":"gcf-v2-sources-269370944595-us-central1","object":"createAgoraToken/function-source.zip","generation":"1740674944862032"}},"environmentVariables":{"GOOGLE_NODE_RUN_SCRIPTS":""},"dockerRepository":"projects/globtherapist/locations/us-central1/repositories/gcf-artifacts","sourceProvenance":{"resolvedStorageSource":{"bucket":"gcf-v2-sources-269370944595-us-central1","object":"createAgoraToken/function-source.zip","generation":"1740673547060207"}},"dockerRegistry":"ARTIFACT_REGISTRY","serviceAccount":"projects/globtherapist/serviceAccounts/269370944595-compute@developer.gserviceaccount.com","automaticUpdatePolicy":{}},"serviceConfig":{"service":"projects/globtherapist/locations/us-central1/services/createagoratoken","timeoutSeconds":60,"environmentVariables":{"FIREBASE_CONFIG":"{\"projectId\":\"globtherapist\",\"databaseURL\":\"https://globtherapist-default-rtdb.firebaseio.com\",\"storageBucket\":\"globtherapist.firebasestorage.app\"}","GCLOUD_PROJECT":"globtherapist","EVENTARC_CLOUD_EVENT_SOURCE":"projects/globtherapist/locations/us-central1/services/createAgoraToken","FUNCTION_TARGET":"createAgoraToken","LOG_EXECUTION_ID":"true"},"ingressSettings":"ALLOW_ALL","serviceAccountEmail":"269370944595-compute@developer.gserviceaccount.com","availableMemory":"256Mi","maxInstanceRequestConcurrency":80,"availableCpu":"1"},"state":"FAILED","labels":{"firebase-functions-hash":"a2832a8960e138e6ba08af68d2048e900da3ba78"},"stateMessages":[{"severity":"ERROR","type":"CloudRunServiceNotFound","message":"Cloud Run service projects/globtherapist/locations/us-central1/services/createagoratoken for the function was not found. The function will not work correctly. Please redeploy."}],"environment":"GEN_2","url":"https://us-central1-globtherapist.cloudfunctions.net/createAgoraToken","satisfiesPzi":true},"stages":[{"name":"BUILD","message":"Build in progress","state":"IN_PROGRESS","resource":"projects/269370944595/locations/us-central1/builds/df1039ea-5980-4637-9e70-196063157010","resourceUri":"https://console.cloud.google.com/cloud-build/builds;region=us-central1/df1039ea-5980-4637-9e70-196063157010?project=269370944595"},{"name":"SERVICE","state":"NOT_STARTED"}],"operationType":"UPDATE_FUNCTION","buildName":"projects/269370944595/locations/us-central1/builds/df1039ea-5980-4637-9e70-196063157010"},"done":false}
[debug] [2025-02-27T16:49:14.232Z] [update-default-us-central1-createAgoraToken] Retrying task index 0
[debug] [2025-02-27T16:49:14.233Z] Checked if tokens are valid: true, expires at: 1740677123489
[debug] [2025-02-27T16:49:14.233Z] Checked if tokens are valid: true, expires at: 1740677123489
[debug] [2025-02-27T16:49:14.233Z] >>> [apiv2][query] GET https://cloudfunctions.googleapis.com/v2/projects/globtherapist/locations/us-central1/operations/operation-1740674944118-62f2277b6ae70-a175b3fb-eeb6b21c [none]
[debug] [2025-02-27T16:49:14.519Z] <<< [apiv2][status] GET https://cloudfunctions.googleapis.com/v2/projects/globtherapist/locations/us-central1/operations/operation-1740674944118-62f2277b6ae70-a175b3fb-eeb6b21c 200
[debug] [2025-02-27T16:49:14.519Z] <<< [apiv2][body] GET https://cloudfunctions.googleapis.com/v2/projects/globtherapist/locations/us-central1/operations/operation-1740674944118-62f2277b6ae70-a175b3fb-eeb6b21c {"name":"projects/globtherapist/locations/us-central1/operations/operation-1740674944118-62f2277b6ae70-a175b3fb-eeb6b21c","metadata":{"@type":"type.googleapis.com/google.cloud.functions.v2.OperationMetadata","createTime":"2025-02-27T16:49:04.947197930Z","target":"projects/globtherapist/locations/us-central1/functions/createAgoraToken","verb":"update","cancelRequested":false,"apiVersion":"v2","requestResource":{"@type":"type.googleapis.com/google.cloud.functions.v2.Function","name":"projects/globtherapist/locations/us-central1/functions/createAgoraToken","buildConfig":{"runtime":"nodejs18","entryPoint":"createAgoraToken","source":{"storageSource":{"bucket":"gcf-v2-sources-269370944595-us-central1","object":"createAgoraToken/function-source.zip","generation":"1740674944862032"}},"environmentVariables":{"GOOGLE_NODE_RUN_SCRIPTS":""},"dockerRepository":"projects/globtherapist/locations/us-central1/repositories/gcf-artifacts","sourceProvenance":{"resolvedStorageSource":{"bucket":"gcf-v2-sources-269370944595-us-central1","object":"createAgoraToken/function-source.zip","generation":"1740673547060207"}},"dockerRegistry":"ARTIFACT_REGISTRY","serviceAccount":"projects/globtherapist/serviceAccounts/269370944595-compute@developer.gserviceaccount.com","automaticUpdatePolicy":{}},"serviceConfig":{"service":"projects/globtherapist/locations/us-central1/services/createagoratoken","timeoutSeconds":60,"environmentVariables":{"FIREBASE_CONFIG":"{\"projectId\":\"globtherapist\",\"databaseURL\":\"https://globtherapist-default-rtdb.firebaseio.com\",\"storageBucket\":\"globtherapist.firebasestorage.app\"}","GCLOUD_PROJECT":"globtherapist","EVENTARC_CLOUD_EVENT_SOURCE":"projects/globtherapist/locations/us-central1/services/createAgoraToken","FUNCTION_TARGET":"createAgoraToken","LOG_EXECUTION_ID":"true"},"ingressSettings":"ALLOW_ALL","serviceAccountEmail":"269370944595-compute@developer.gserviceaccount.com","availableMemory":"256Mi","maxInstanceRequestConcurrency":80,"availableCpu":"1"},"state":"FAILED","labels":{"firebase-functions-hash":"a2832a8960e138e6ba08af68d2048e900da3ba78"},"stateMessages":[{"severity":"ERROR","type":"CloudRunServiceNotFound","message":"Cloud Run service projects/globtherapist/locations/us-central1/services/createagoratoken for the function was not found. The function will not work correctly. Please redeploy."}],"environment":"GEN_2","url":"https://us-central1-globtherapist.cloudfunctions.net/createAgoraToken","satisfiesPzi":true},"stages":[{"name":"BUILD","message":"Build in progress","state":"IN_PROGRESS","resource":"projects/269370944595/locations/us-central1/builds/df1039ea-5980-4637-9e70-196063157010","resourceUri":"https://console.cloud.google.com/cloud-build/builds;region=us-central1/df1039ea-5980-4637-9e70-196063157010?project=269370944595"},{"name":"SERVICE","state":"NOT_STARTED"}],"operationType":"UPDATE_FUNCTION","buildName":"projects/269370944595/locations/us-central1/builds/df1039ea-5980-4637-9e70-196063157010"},"done":false}
[debug] [2025-02-27T16:49:22.531Z] [update-default-us-central1-createAgoraToken] Retrying task index 0
[debug] [2025-02-27T16:49:22.532Z] Checked if tokens are valid: true, expires at: 1740677123489
[debug] [2025-02-27T16:49:22.532Z] Checked if tokens are valid: true, expires at: 1740677123489
[debug] [2025-02-27T16:49:22.532Z] >>> [apiv2][query] GET https://cloudfunctions.googleapis.com/v2/projects/globtherapist/locations/us-central1/operations/operation-1740674944118-62f2277b6ae70-a175b3fb-eeb6b21c [none]
[debug] [2025-02-27T16:49:22.903Z] <<< [apiv2][status] GET https://cloudfunctions.googleapis.com/v2/projects/globtherapist/locations/us-central1/operations/operation-1740674944118-62f2277b6ae70-a175b3fb-eeb6b21c 200
[debug] [2025-02-27T16:49:22.903Z] <<< [apiv2][body] GET https://cloudfunctions.googleapis.com/v2/projects/globtherapist/locations/us-central1/operations/operation-1740674944118-62f2277b6ae70-a175b3fb-eeb6b21c {"name":"projects/globtherapist/locations/us-central1/operations/operation-1740674944118-62f2277b6ae70-a175b3fb-eeb6b21c","metadata":{"@type":"type.googleapis.com/google.cloud.functions.v2.OperationMetadata","createTime":"2025-02-27T16:49:04.947197930Z","target":"projects/globtherapist/locations/us-central1/functions/createAgoraToken","verb":"update","cancelRequested":false,"apiVersion":"v2","requestResource":{"@type":"type.googleapis.com/google.cloud.functions.v2.Function","name":"projects/globtherapist/locations/us-central1/functions/createAgoraToken","buildConfig":{"runtime":"nodejs18","entryPoint":"createAgoraToken","source":{"storageSource":{"bucket":"gcf-v2-sources-269370944595-us-central1","object":"createAgoraToken/function-source.zip","generation":"1740674944862032"}},"environmentVariables":{"GOOGLE_NODE_RUN_SCRIPTS":""},"dockerRepository":"projects/globtherapist/locations/us-central1/repositories/gcf-artifacts","sourceProvenance":{"resolvedStorageSource":{"bucket":"gcf-v2-sources-269370944595-us-central1","object":"createAgoraToken/function-source.zip","generation":"1740673547060207"}},"dockerRegistry":"ARTIFACT_REGISTRY","serviceAccount":"projects/globtherapist/serviceAccounts/269370944595-compute@developer.gserviceaccount.com","automaticUpdatePolicy":{}},"serviceConfig":{"service":"projects/globtherapist/locations/us-central1/services/createagoratoken","timeoutSeconds":60,"environmentVariables":{"FIREBASE_CONFIG":"{\"projectId\":\"globtherapist\",\"databaseURL\":\"https://globtherapist-default-rtdb.firebaseio.com\",\"storageBucket\":\"globtherapist.firebasestorage.app\"}","GCLOUD_PROJECT":"globtherapist","EVENTARC_CLOUD_EVENT_SOURCE":"projects/globtherapist/locations/us-central1/services/createAgoraToken","FUNCTION_TARGET":"createAgoraToken","LOG_EXECUTION_ID":"true"},"ingressSettings":"ALLOW_ALL","serviceAccountEmail":"269370944595-compute@developer.gserviceaccount.com","availableMemory":"256Mi","maxInstanceRequestConcurrency":80,"availableCpu":"1"},"state":"FAILED","labels":{"firebase-functions-hash":"a2832a8960e138e6ba08af68d2048e900da3ba78"},"stateMessages":[{"severity":"ERROR","type":"CloudRunServiceNotFound","message":"Cloud Run service projects/globtherapist/locations/us-central1/services/createagoratoken for the function was not found. The function will not work correctly. Please redeploy."}],"environment":"GEN_2","url":"https://us-central1-globtherapist.cloudfunctions.net/createAgoraToken","satisfiesPzi":true},"stages":[{"name":"BUILD","message":"Build in progress","state":"IN_PROGRESS","resource":"projects/269370944595/locations/us-central1/builds/df1039ea-5980-4637-9e70-196063157010","resourceUri":"https://console.cloud.google.com/cloud-build/builds;region=us-central1/df1039ea-5980-4637-9e70-196063157010?project=269370944595"},{"name":"SERVICE","state":"NOT_STARTED"}],"operationType":"UPDATE_FUNCTION","buildName":"projects/269370944595/locations/us-central1/builds/df1039ea-5980-4637-9e70-196063157010"},"done":false}
[debug] [2025-02-27T16:49:32.904Z] [update-default-us-central1-createAgoraToken] Retrying task index 0
[debug] [2025-02-27T16:49:32.905Z] Checked if tokens are valid: true, expires at: 1740677123489
[debug] [2025-02-27T16:49:32.905Z] Checked if tokens are valid: true, expires at: 1740677123489
[debug] [2025-02-27T16:49:32.905Z] >>> [apiv2][query] GET https://cloudfunctions.googleapis.com/v2/projects/globtherapist/locations/us-central1/operations/operation-1740674944118-62f2277b6ae70-a175b3fb-eeb6b21c [none]
[debug] [2025-02-27T16:49:33.290Z] <<< [apiv2][status] GET https://cloudfunctions.googleapis.com/v2/projects/globtherapist/locations/us-central1/operations/operation-1740674944118-62f2277b6ae70-a175b3fb-eeb6b21c 200
[debug] [2025-02-27T16:49:33.290Z] <<< [apiv2][body] GET https://cloudfunctions.googleapis.com/v2/projects/globtherapist/locations/us-central1/operations/operation-1740674944118-62f2277b6ae70-a175b3fb-eeb6b21c {"name":"projects/globtherapist/locations/us-central1/operations/operation-1740674944118-62f2277b6ae70-a175b3fb-eeb6b21c","metadata":{"@type":"type.googleapis.com/google.cloud.functions.v2.OperationMetadata","createTime":"2025-02-27T16:49:04.947197930Z","target":"projects/globtherapist/locations/us-central1/functions/createAgoraToken","verb":"update","cancelRequested":false,"apiVersion":"v2","requestResource":{"@type":"type.googleapis.com/google.cloud.functions.v2.Function","name":"projects/globtherapist/locations/us-central1/functions/createAgoraToken","buildConfig":{"runtime":"nodejs18","entryPoint":"createAgoraToken","source":{"storageSource":{"bucket":"gcf-v2-sources-269370944595-us-central1","object":"createAgoraToken/function-source.zip","generation":"1740674944862032"}},"environmentVariables":{"GOOGLE_NODE_RUN_SCRIPTS":""},"dockerRepository":"projects/globtherapist/locations/us-central1/repositories/gcf-artifacts","sourceProvenance":{"resolvedStorageSource":{"bucket":"gcf-v2-sources-269370944595-us-central1","object":"createAgoraToken/function-source.zip","generation":"1740673547060207"}},"dockerRegistry":"ARTIFACT_REGISTRY","serviceAccount":"projects/globtherapist/serviceAccounts/269370944595-compute@developer.gserviceaccount.com","automaticUpdatePolicy":{}},"serviceConfig":{"service":"projects/globtherapist/locations/us-central1/services/createagoratoken","timeoutSeconds":60,"environmentVariables":{"FIREBASE_CONFIG":"{\"projectId\":\"globtherapist\",\"databaseURL\":\"https://globtherapist-default-rtdb.firebaseio.com\",\"storageBucket\":\"globtherapist.firebasestorage.app\"}","GCLOUD_PROJECT":"globtherapist","EVENTARC_CLOUD_EVENT_SOURCE":"projects/globtherapist/locations/us-central1/services/createAgoraToken","FUNCTION_TARGET":"createAgoraToken","LOG_EXECUTION_ID":"true"},"ingressSettings":"ALLOW_ALL","serviceAccountEmail":"269370944595-compute@developer.gserviceaccount.com","availableMemory":"256Mi","maxInstanceRequestConcurrency":80,"availableCpu":"1"},"state":"FAILED","labels":{"firebase-functions-hash":"a2832a8960e138e6ba08af68d2048e900da3ba78"},"stateMessages":[{"severity":"ERROR","type":"CloudRunServiceNotFound","message":"Cloud Run service projects/globtherapist/locations/us-central1/services/createagoratoken for the function was not found. The function will not work correctly. Please redeploy."}],"environment":"GEN_2","url":"https://us-central1-globtherapist.cloudfunctions.net/createAgoraToken","satisfiesPzi":true},"stages":[{"name":"BUILD","message":"Build in progress","state":"IN_PROGRESS","resource":"projects/269370944595/locations/us-central1/builds/df1039ea-5980-4637-9e70-196063157010","resourceUri":"https://console.cloud.google.com/cloud-build/builds;region=us-central1/df1039ea-5980-4637-9e70-196063157010?project=269370944595"},{"name":"SERVICE","state":"NOT_STARTED"}],"operationType":"UPDATE_FUNCTION","buildName":"projects/269370944595/locations/us-central1/builds/df1039ea-5980-4637-9e70-196063157010"},"done":false}
[debug] [2025-02-27T16:49:43.309Z] [update-default-us-central1-createAgoraToken] Retrying task index 0
[debug] [2025-02-27T16:49:43.309Z] Checked if tokens are valid: true, expires at: 1740677123489
[debug] [2025-02-27T16:49:43.309Z] Checked if tokens are valid: true, expires at: 1740677123489
[debug] [2025-02-27T16:49:43.310Z] >>> [apiv2][query] GET https://cloudfunctions.googleapis.com/v2/projects/globtherapist/locations/us-central1/operations/operation-1740674944118-62f2277b6ae70-a175b3fb-eeb6b21c [none]
[debug] [2025-02-27T16:49:43.708Z] <<< [apiv2][status] GET https://cloudfunctions.googleapis.com/v2/projects/globtherapist/locations/us-central1/operations/operation-1740674944118-62f2277b6ae70-a175b3fb-eeb6b21c 200
[debug] [2025-02-27T16:49:43.708Z] <<< [apiv2][body] GET https://cloudfunctions.googleapis.com/v2/projects/globtherapist/locations/us-central1/operations/operation-1740674944118-62f2277b6ae70-a175b3fb-eeb6b21c {"name":"projects/globtherapist/locations/us-central1/operations/operation-1740674944118-62f2277b6ae70-a175b3fb-eeb6b21c","metadata":{"@type":"type.googleapis.com/google.cloud.functions.v2.OperationMetadata","createTime":"2025-02-27T16:49:04.947197930Z","target":"projects/globtherapist/locations/us-central1/functions/createAgoraToken","verb":"update","cancelRequested":false,"apiVersion":"v2","requestResource":{"@type":"type.googleapis.com/google.cloud.functions.v2.Function","name":"projects/globtherapist/locations/us-central1/functions/createAgoraToken","buildConfig":{"runtime":"nodejs18","entryPoint":"createAgoraToken","source":{"storageSource":{"bucket":"gcf-v2-sources-269370944595-us-central1","object":"createAgoraToken/function-source.zip","generation":"1740674944862032"}},"environmentVariables":{"GOOGLE_NODE_RUN_SCRIPTS":""},"dockerRepository":"projects/globtherapist/locations/us-central1/repositories/gcf-artifacts","sourceProvenance":{"resolvedStorageSource":{"bucket":"gcf-v2-sources-269370944595-us-central1","object":"createAgoraToken/function-source.zip","generation":"1740673547060207"}},"dockerRegistry":"ARTIFACT_REGISTRY","serviceAccount":"projects/globtherapist/serviceAccounts/269370944595-compute@developer.gserviceaccount.com","automaticUpdatePolicy":{}},"serviceConfig":{"service":"projects/globtherapist/locations/us-central1/services/createagoratoken","timeoutSeconds":60,"environmentVariables":{"FIREBASE_CONFIG":"{\"projectId\":\"globtherapist\",\"databaseURL\":\"https://globtherapist-default-rtdb.firebaseio.com\",\"storageBucket\":\"globtherapist.firebasestorage.app\"}","GCLOUD_PROJECT":"globtherapist","EVENTARC_CLOUD_EVENT_SOURCE":"projects/globtherapist/locations/us-central1/services/createAgoraToken","FUNCTION_TARGET":"createAgoraToken","LOG_EXECUTION_ID":"true"},"ingressSettings":"ALLOW_ALL","serviceAccountEmail":"269370944595-compute@developer.gserviceaccount.com","availableMemory":"256Mi","maxInstanceRequestConcurrency":80,"availableCpu":"1"},"state":"FAILED","labels":{"firebase-functions-hash":"a2832a8960e138e6ba08af68d2048e900da3ba78"},"stateMessages":[{"severity":"ERROR","type":"CloudRunServiceNotFound","message":"Cloud Run service projects/globtherapist/locations/us-central1/services/createagoratoken for the function was not found. The function will not work correctly. Please redeploy."}],"environment":"GEN_2","url":"https://us-central1-globtherapist.cloudfunctions.net/createAgoraToken","satisfiesPzi":true},"stages":[{"name":"BUILD","message":"Build in progress","state":"IN_PROGRESS","resource":"projects/269370944595/locations/us-central1/builds/df1039ea-5980-4637-9e70-196063157010","resourceUri":"https://console.cloud.google.com/cloud-build/builds;region=us-central1/df1039ea-5980-4637-9e70-196063157010?project=269370944595"},{"name":"SERVICE","state":"NOT_STARTED"}],"operationType":"UPDATE_FUNCTION","buildName":"projects/269370944595/locations/us-central1/builds/df1039ea-5980-4637-9e70-196063157010"},"done":false}
[debug] [2025-02-27T16:49:53.728Z] [update-default-us-central1-createAgoraToken] Retrying task index 0
[debug] [2025-02-27T16:49:53.728Z] Checked if tokens are valid: true, expires at: 1740677123489
[debug] [2025-02-27T16:49:53.728Z] Checked if tokens are valid: true, expires at: 1740677123489
[debug] [2025-02-27T16:49:53.729Z] >>> [apiv2][query] GET https://cloudfunctions.googleapis.com/v2/projects/globtherapist/locations/us-central1/operations/operation-1740674944118-62f2277b6ae70-a175b3fb-eeb6b21c [none]
[debug] [2025-02-27T16:49:54.108Z] <<< [apiv2][status] GET https://cloudfunctions.googleapis.com/v2/projects/globtherapist/locations/us-central1/operations/operation-1740674944118-62f2277b6ae70-a175b3fb-eeb6b21c 200
[debug] [2025-02-27T16:49:54.108Z] <<< [apiv2][body] GET https://cloudfunctions.googleapis.com/v2/projects/globtherapist/locations/us-central1/operations/operation-1740674944118-62f2277b6ae70-a175b3fb-eeb6b21c {"name":"projects/globtherapist/locations/us-central1/operations/operation-1740674944118-62f2277b6ae70-a175b3fb-eeb6b21c","metadata":{"@type":"type.googleapis.com/google.cloud.functions.v2.OperationMetadata","createTime":"2025-02-27T16:49:04.947197930Z","target":"projects/globtherapist/locations/us-central1/functions/createAgoraToken","verb":"update","cancelRequested":false,"apiVersion":"v2","requestResource":{"@type":"type.googleapis.com/google.cloud.functions.v2.Function","name":"projects/globtherapist/locations/us-central1/functions/createAgoraToken","buildConfig":{"runtime":"nodejs18","entryPoint":"createAgoraToken","source":{"storageSource":{"bucket":"gcf-v2-sources-269370944595-us-central1","object":"createAgoraToken/function-source.zip","generation":"1740674944862032"}},"environmentVariables":{"GOOGLE_NODE_RUN_SCRIPTS":""},"dockerRepository":"projects/globtherapist/locations/us-central1/repositories/gcf-artifacts","sourceProvenance":{"resolvedStorageSource":{"bucket":"gcf-v2-sources-269370944595-us-central1","object":"createAgoraToken/function-source.zip","generation":"1740673547060207"}},"dockerRegistry":"ARTIFACT_REGISTRY","serviceAccount":"projects/globtherapist/serviceAccounts/269370944595-compute@developer.gserviceaccount.com","automaticUpdatePolicy":{}},"serviceConfig":{"service":"projects/globtherapist/locations/us-central1/services/createagoratoken","timeoutSeconds":60,"environmentVariables":{"FIREBASE_CONFIG":"{\"projectId\":\"globtherapist\",\"databaseURL\":\"https://globtherapist-default-rtdb.firebaseio.com\",\"storageBucket\":\"globtherapist.firebasestorage.app\"}","GCLOUD_PROJECT":"globtherapist","EVENTARC_CLOUD_EVENT_SOURCE":"projects/globtherapist/locations/us-central1/services/createAgoraToken","FUNCTION_TARGET":"createAgoraToken","LOG_EXECUTION_ID":"true"},"ingressSettings":"ALLOW_ALL","serviceAccountEmail":"269370944595-compute@developer.gserviceaccount.com","availableMemory":"256Mi","maxInstanceRequestConcurrency":80,"availableCpu":"1"},"state":"FAILED","labels":{"firebase-functions-hash":"a2832a8960e138e6ba08af68d2048e900da3ba78"},"stateMessages":[{"severity":"ERROR","type":"CloudRunServiceNotFound","message":"Cloud Run service projects/globtherapist/locations/us-central1/services/createagoratoken for the function was not found. The function will not work correctly. Please redeploy."}],"environment":"GEN_2","url":"https://us-central1-globtherapist.cloudfunctions.net/createAgoraToken","satisfiesPzi":true},"stages":[{"name":"BUILD","message":"Build in progress","state":"IN_PROGRESS","resource":"projects/269370944595/locations/us-central1/builds/df1039ea-5980-4637-9e70-196063157010","resourceUri":"https://console.cloud.google.com/cloud-build/builds;region=us-central1/df1039ea-5980-4637-9e70-196063157010?project=269370944595"},{"name":"SERVICE","state":"NOT_STARTED"}],"operationType":"UPDATE_FUNCTION","buildName":"projects/269370944595/locations/us-central1/builds/df1039ea-5980-4637-9e70-196063157010"},"done":false}
[debug] [2025-02-27T16:50:04.114Z] [update-default-us-central1-createAgoraToken] Retrying task index 0
[debug] [2025-02-27T16:50:04.114Z] Checked if tokens are valid: true, expires at: 1740677123489
[debug] [2025-02-27T16:50:04.114Z] Checked if tokens are valid: true, expires at: 1740677123489
[debug] [2025-02-27T16:50:04.115Z] >>> [apiv2][query] GET https://cloudfunctions.googleapis.com/v2/projects/globtherapist/locations/us-central1/operations/operation-1740674944118-62f2277b6ae70-a175b3fb-eeb6b21c [none]
[debug] [2025-02-27T16:50:04.455Z] <<< [apiv2][status] GET https://cloudfunctions.googleapis.com/v2/projects/globtherapist/locations/us-central1/operations/operation-1740674944118-62f2277b6ae70-a175b3fb-eeb6b21c 200
[debug] [2025-02-27T16:50:04.455Z] <<< [apiv2][body] GET https://cloudfunctions.googleapis.com/v2/projects/globtherapist/locations/us-central1/operations/operation-1740674944118-62f2277b6ae70-a175b3fb-eeb6b21c {"name":"projects/globtherapist/locations/us-central1/operations/operation-1740674944118-62f2277b6ae70-a175b3fb-eeb6b21c","metadata":{"@type":"type.googleapis.com/google.cloud.functions.v2.OperationMetadata","createTime":"2025-02-27T16:49:04.947197930Z","target":"projects/globtherapist/locations/us-central1/functions/createAgoraToken","verb":"update","cancelRequested":false,"apiVersion":"v2","requestResource":{"@type":"type.googleapis.com/google.cloud.functions.v2.Function","name":"projects/globtherapist/locations/us-central1/functions/createAgoraToken","buildConfig":{"runtime":"nodejs18","entryPoint":"createAgoraToken","source":{"storageSource":{"bucket":"gcf-v2-sources-269370944595-us-central1","object":"createAgoraToken/function-source.zip","generation":"1740674944862032"}},"environmentVariables":{"GOOGLE_NODE_RUN_SCRIPTS":""},"dockerRepository":"projects/globtherapist/locations/us-central1/repositories/gcf-artifacts","sourceProvenance":{"resolvedStorageSource":{"bucket":"gcf-v2-sources-269370944595-us-central1","object":"createAgoraToken/function-source.zip","generation":"1740673547060207"}},"dockerRegistry":"ARTIFACT_REGISTRY","serviceAccount":"projects/globtherapist/serviceAccounts/269370944595-compute@developer.gserviceaccount.com","automaticUpdatePolicy":{}},"serviceConfig":{"service":"projects/globtherapist/locations/us-central1/services/createagoratoken","timeoutSeconds":60,"environmentVariables":{"FIREBASE_CONFIG":"{\"projectId\":\"globtherapist\",\"databaseURL\":\"https://globtherapist-default-rtdb.firebaseio.com\",\"storageBucket\":\"globtherapist.firebasestorage.app\"}","GCLOUD_PROJECT":"globtherapist","EVENTARC_CLOUD_EVENT_SOURCE":"projects/globtherapist/locations/us-central1/services/createAgoraToken","FUNCTION_TARGET":"createAgoraToken","LOG_EXECUTION_ID":"true"},"ingressSettings":"ALLOW_ALL","serviceAccountEmail":"269370944595-compute@developer.gserviceaccount.com","availableMemory":"256Mi","maxInstanceRequestConcurrency":80,"availableCpu":"1"},"state":"FAILED","labels":{"firebase-functions-hash":"a2832a8960e138e6ba08af68d2048e900da3ba78"},"stateMessages":[{"severity":"ERROR","type":"CloudRunServiceNotFound","message":"Cloud Run service projects/globtherapist/locations/us-central1/services/createagoratoken for the function was not found. The function will not work correctly. Please redeploy."}],"environment":"GEN_2","url":"https://us-central1-globtherapist.cloudfunctions.net/createAgoraToken","satisfiesPzi":true},"stages":[{"name":"BUILD","message":"Build in progress","state":"IN_PROGRESS","resource":"projects/269370944595/locations/us-central1/builds/df1039ea-5980-4637-9e70-196063157010","resourceUri":"https://console.cloud.google.com/cloud-build/builds;region=us-central1/df1039ea-5980-4637-9e70-196063157010?project=269370944595"},{"name":"SERVICE","state":"NOT_STARTED"}],"operationType":"UPDATE_FUNCTION","buildName":"projects/269370944595/locations/us-central1/builds/df1039ea-5980-4637-9e70-196063157010"},"done":false}
[debug] [2025-02-27T16:50:14.477Z] [update-default-us-central1-createAgoraToken] Retrying task index 0
[debug] [2025-02-27T16:50:14.477Z] Checked if tokens are valid: true, expires at: 1740677123489
[debug] [2025-02-27T16:50:14.477Z] Checked if tokens are valid: true, expires at: 1740677123489
[debug] [2025-02-27T16:50:14.477Z] >>> [apiv2][query] GET https://cloudfunctions.googleapis.com/v2/projects/globtherapist/locations/us-central1/operations/operation-1740674944118-62f2277b6ae70-a175b3fb-eeb6b21c [none]
[debug] [2025-02-27T16:50:14.819Z] <<< [apiv2][status] GET https://cloudfunctions.googleapis.com/v2/projects/globtherapist/locations/us-central1/operations/operation-1740674944118-62f2277b6ae70-a175b3fb-eeb6b21c 200
[debug] [2025-02-27T16:50:14.820Z] <<< [apiv2][body] GET https://cloudfunctions.googleapis.com/v2/projects/globtherapist/locations/us-central1/operations/operation-1740674944118-62f2277b6ae70-a175b3fb-eeb6b21c {"name":"projects/globtherapist/locations/us-central1/operations/operation-1740674944118-62f2277b6ae70-a175b3fb-eeb6b21c","metadata":{"@type":"type.googleapis.com/google.cloud.functions.v2.OperationMetadata","createTime":"2025-02-27T16:49:04.947197930Z","target":"projects/globtherapist/locations/us-central1/functions/createAgoraToken","verb":"update","cancelRequested":false,"apiVersion":"v2","requestResource":{"@type":"type.googleapis.com/google.cloud.functions.v2.Function","name":"projects/globtherapist/locations/us-central1/functions/createAgoraToken","buildConfig":{"runtime":"nodejs18","entryPoint":"createAgoraToken","source":{"storageSource":{"bucket":"gcf-v2-sources-269370944595-us-central1","object":"createAgoraToken/function-source.zip","generation":"1740674944862032"}},"environmentVariables":{"GOOGLE_NODE_RUN_SCRIPTS":""},"dockerRepository":"projects/globtherapist/locations/us-central1/repositories/gcf-artifacts","sourceProvenance":{"resolvedStorageSource":{"bucket":"gcf-v2-sources-269370944595-us-central1","object":"createAgoraToken/function-source.zip","generation":"1740673547060207"}},"dockerRegistry":"ARTIFACT_REGISTRY","serviceAccount":"projects/globtherapist/serviceAccounts/269370944595-compute@developer.gserviceaccount.com","automaticUpdatePolicy":{}},"serviceConfig":{"service":"projects/globtherapist/locations/us-central1/services/createagoratoken","timeoutSeconds":60,"environmentVariables":{"FIREBASE_CONFIG":"{\"projectId\":\"globtherapist\",\"databaseURL\":\"https://globtherapist-default-rtdb.firebaseio.com\",\"storageBucket\":\"globtherapist.firebasestorage.app\"}","GCLOUD_PROJECT":"globtherapist","EVENTARC_CLOUD_EVENT_SOURCE":"projects/globtherapist/locations/us-central1/services/createAgoraToken","FUNCTION_TARGET":"createAgoraToken","LOG_EXECUTION_ID":"true"},"ingressSettings":"ALLOW_ALL","serviceAccountEmail":"269370944595-compute@developer.gserviceaccount.com","availableMemory":"256Mi","maxInstanceRequestConcurrency":80,"availableCpu":"1"},"state":"FAILED","labels":{"firebase-functions-hash":"a2832a8960e138e6ba08af68d2048e900da3ba78"},"stateMessages":[{"severity":"ERROR","type":"CloudRunServiceNotFound","message":"Cloud Run service projects/globtherapist/locations/us-central1/services/createagoratoken for the function was not found. The function will not work correctly. Please redeploy."}],"environment":"GEN_2","url":"https://us-central1-globtherapist.cloudfunctions.net/createAgoraToken","satisfiesPzi":true},"stages":[{"name":"BUILD","message":"Build in progress","state":"IN_PROGRESS","resource":"projects/269370944595/locations/us-central1/builds/df1039ea-5980-4637-9e70-196063157010","resourceUri":"https://console.cloud.google.com/cloud-build/builds;region=us-central1/df1039ea-5980-4637-9e70-196063157010?project=269370944595"},{"name":"SERVICE","state":"NOT_STARTED"}],"operationType":"UPDATE_FUNCTION","buildName":"projects/269370944595/locations/us-central1/builds/df1039ea-5980-4637-9e70-196063157010"},"done":false}
[debug] [2025-02-27T16:50:24.829Z] [update-default-us-central1-createAgoraToken] Retrying task index 0
[debug] [2025-02-27T16:50:24.829Z] Checked if tokens are valid: true, expires at: 1740677123489
[debug] [2025-02-27T16:50:24.829Z] Checked if tokens are valid: true, expires at: 1740677123489
[debug] [2025-02-27T16:50:24.830Z] >>> [apiv2][query] GET https://cloudfunctions.googleapis.com/v2/projects/globtherapist/locations/us-central1/operations/operation-1740674944118-62f2277b6ae70-a175b3fb-eeb6b21c [none]
[debug] [2025-02-27T16:50:25.186Z] <<< [apiv2][status] GET https://cloudfunctions.googleapis.com/v2/projects/globtherapist/locations/us-central1/operations/operation-1740674944118-62f2277b6ae70-a175b3fb-eeb6b21c 200
[debug] [2025-02-27T16:50:25.187Z] <<< [apiv2][body] GET https://cloudfunctions.googleapis.com/v2/projects/globtherapist/locations/us-central1/operations/operation-1740674944118-62f2277b6ae70-a175b3fb-eeb6b21c {"name":"projects/globtherapist/locations/us-central1/operations/operation-1740674944118-62f2277b6ae70-a175b3fb-eeb6b21c","metadata":{"@type":"type.googleapis.com/google.cloud.functions.v2.OperationMetadata","createTime":"2025-02-27T16:49:04.947197930Z","endTime":"2025-02-27T16:50:23.990335526Z","target":"projects/globtherapist/locations/us-central1/functions/createAgoraToken","verb":"update","cancelRequested":false,"apiVersion":"v2","requestResource":{"@type":"type.googleapis.com/google.cloud.functions.v2.Function","name":"projects/globtherapist/locations/us-central1/functions/createAgoraToken","buildConfig":{"runtime":"nodejs18","entryPoint":"createAgoraToken","source":{"storageSource":{"bucket":"gcf-v2-sources-269370944595-us-central1","object":"createAgoraToken/function-source.zip","generation":"1740674944862032"}},"environmentVariables":{"GOOGLE_NODE_RUN_SCRIPTS":""},"dockerRepository":"projects/globtherapist/locations/us-central1/repositories/gcf-artifacts","sourceProvenance":{"resolvedStorageSource":{"bucket":"gcf-v2-sources-269370944595-us-central1","object":"createAgoraToken/function-source.zip","generation":"1740673547060207"}},"dockerRegistry":"ARTIFACT_REGISTRY","serviceAccount":"projects/globtherapist/serviceAccounts/269370944595-compute@developer.gserviceaccount.com","automaticUpdatePolicy":{}},"serviceConfig":{"service":"projects/globtherapist/locations/us-central1/services/createagoratoken","timeoutSeconds":60,"environmentVariables":{"FIREBASE_CONFIG":"{\"projectId\":\"globtherapist\",\"databaseURL\":\"https://globtherapist-default-rtdb.firebaseio.com\",\"storageBucket\":\"globtherapist.firebasestorage.app\"}","GCLOUD_PROJECT":"globtherapist","EVENTARC_CLOUD_EVENT_SOURCE":"projects/globtherapist/locations/us-central1/services/createAgoraToken","FUNCTION_TARGET":"createAgoraToken","LOG_EXECUTION_ID":"true"},"ingressSettings":"ALLOW_ALL","serviceAccountEmail":"269370944595-compute@developer.gserviceaccount.com","availableMemory":"256Mi","maxInstanceRequestConcurrency":80,"availableCpu":"1"},"state":"FAILED","labels":{"firebase-functions-hash":"a2832a8960e138e6ba08af68d2048e900da3ba78"},"stateMessages":[{"severity":"ERROR","type":"CloudRunServiceNotFound","message":"Cloud Run service projects/globtherapist/locations/us-central1/services/createagoratoken for the function was not found. The function will not work correctly. Please redeploy."}],"environment":"GEN_2","url":"https://us-central1-globtherapist.cloudfunctions.net/createAgoraToken","satisfiesPzi":true},"stages":[{"name":"SERVICE","state":"NOT_STARTED"}],"operationType":"UPDATE_FUNCTION"},"done":true,"error":{"code":3,"message":"Could not create or update Cloud Run service createagoratoken, Container Healthcheck failed. Revision 'createagoratoken-00001-beg' is not ready and cannot serve traffic. The user-provided container failed to start and listen on the port defined provided by the PORT=8080 environment variable within the allocated timeout. This can happen when the container port is misconfigured or if the timeout is too short. The health check timeout can be extended. Logs for this revision might contain more information.\n\nLogs URL: https://console.cloud.google.com/logs/viewer?project=globtherapist&resource=cloud_run_revision/service_name/createagoratoken/revision_name/createagoratoken-00001-beg&advancedFilter=resource.type%3D%22cloud_run_revision%22%0Aresource.labels.service_name%3D%22createagoratoken%22%0Aresource.labels.revision_name%3D%22createagoratoken-00001-beg%22 \nFor more troubleshooting guidance, see https://cloud.google.com/run/docs/troubleshooting#container-failed-to-start"}}
[debug] [2025-02-27T16:50:25.187Z] Got source token undefined for region us-central1
[error] Could not create or update Cloud Run service createagoratoken, Container Healthcheck failed. Revision 'createagoratoken-00001-beg' is not ready and cannot serve traffic. The user-provided container failed to start and listen on the port defined provided by the PORT=8080 environment variable within the allocated timeout. This can happen when the container port is misconfigured or if the timeout is too short. The health check timeout can be extended. Logs for this revision might contain more information.

Logs URL: https://console.cloud.google.com/logs/viewer?project=globtherapist&resource=cloud_run_revision/service_name/createagoratoken/revision_name/createagoratoken-00001-beg&advancedFilter=resource.type%3D%22cloud_run_revision%22%0Aresource.labels.service_name%3D%22createagoratoken%22%0Aresource.labels.revision_name%3D%22createagoratoken-00001-beg%22 
For more troubleshooting guidance, see https://cloud.google.com/run/docs/troubleshooting#container-failed-to-start
[debug] [2025-02-27T16:50:25.208Z] Total Function Deployment time: 80840
[debug] [2025-02-27T16:50:25.208Z] 1 Functions Deployed
[debug] [2025-02-27T16:50:25.208Z] 1 Functions Errored
[debug] [2025-02-27T16:50:25.208Z] 0 Function Deployments Aborted
[debug] [2025-02-27T16:50:25.208Z] Average Function Deployment time: 80837
[info] 
[info] Functions deploy had errors with the following functions:
	createAgoraToken(us-central1)
[debug] [2025-02-27T16:50:25.458Z] Not printing URL for HTTPS function. Typically this means it didn't match a filter or we failed deployment
[info] i  functions: cleaning up build files... 
[debug] [2025-02-27T16:50:25.459Z] Checked if tokens are valid: true, expires at: 1740677123489
[debug] [2025-02-27T16:50:25.459Z] Checked if tokens are valid: true, expires at: 1740677123489
[debug] [2025-02-27T16:50:25.460Z] Checked if tokens are valid: true, expires at: 1740677123489
[debug] [2025-02-27T16:50:25.460Z] Checked if tokens are valid: true, expires at: 1740677123489
[debug] [2025-02-27T16:50:25.460Z] >>> [apiv2][query] DELETE https://artifactregistry.googleapis.com/v1beta2/projects/globtherapist/locations/us-central1/repositories/gcf-artifacts/packages/create_agora_token [none]
[debug] [2025-02-27T16:50:25.461Z] >>> [apiv2][query] GET https://us.gcr.io/v2/globtherapist/gcf/us-central1/tags/list [none]
[debug] [2025-02-27T16:50:25.837Z] <<< [apiv2][status] GET https://us.gcr.io/v2/globtherapist/gcf/us-central1/tags/list 404
[debug] [2025-02-27T16:50:25.837Z] <<< [apiv2][body] GET https://us.gcr.io/v2/globtherapist/gcf/us-central1/tags/list {"errors":[{"code":"NAME_UNKNOWN","message":"Repository \"us.gcr.io\" not found"}]}
[debug] [2025-02-27T16:50:25.838Z] Failed docker command with error  Request to https://us.gcr.io/v2/globtherapist/gcf/us-central1/tags/list had HTTP Error: 404, Not Found {"name":"FirebaseError","children":[],"context":{"body":{"errors":[{"code":"NAME_UNKNOWN","message":"Repository \"us.gcr.io\" not found"}],"error":{"message":"Not Found"}},"response":{"statusCode":404}},"exit":1,"message":"Request to https://us.gcr.io/v2/globtherapist/gcf/us-central1/tags/list had HTTP Error: 404, Not Found","status":404}
[debug] [2025-02-27T16:50:25.850Z] Checked if tokens are valid: true, expires at: 1740677123489
[debug] [2025-02-27T16:50:25.850Z] Checked if tokens are valid: true, expires at: 1740677123489
[debug] [2025-02-27T16:50:25.850Z] >>> [apiv2][query] GET https://us.gcr.io/v2/globtherapist/gcf/us-central1/tags/list [none]
[debug] [2025-02-27T16:50:25.909Z] <<< [apiv2][status] DELETE https://artifactregistry.googleapis.com/v1beta2/projects/globtherapist/locations/us-central1/repositories/gcf-artifacts/packages/create_agora_token 404
[debug] [2025-02-27T16:50:25.909Z] <<< [apiv2][body] DELETE https://artifactregistry.googleapis.com/v1beta2/projects/globtherapist/locations/us-central1/repositories/gcf-artifacts/packages/create_agora_token {"error":{"code":404,"message":"Package \"projects/globtherapist/locations/us-central1/repositories/gcf-artifacts/packages/create_agora_token\" was not found.","status":"NOT_FOUND"}}
[debug] [2025-02-27T16:50:26.020Z] <<< [apiv2][status] GET https://us.gcr.io/v2/globtherapist/gcf/us-central1/tags/list 404
[debug] [2025-02-27T16:50:26.021Z] <<< [apiv2][body] GET https://us.gcr.io/v2/globtherapist/gcf/us-central1/tags/list {"errors":[{"code":"NAME_UNKNOWN","message":"Repository \"us.gcr.io\" not found"}]}
[debug] [2025-02-27T16:50:26.021Z] Failed docker command with error  Request to https://us.gcr.io/v2/globtherapist/gcf/us-central1/tags/list had HTTP Error: 404, Not Found {"name":"FirebaseError","children":[],"context":{"body":{"errors":[{"code":"NAME_UNKNOWN","message":"Repository \"us.gcr.io\" not found"}],"error":{"message":"Not Found"}},"response":{"statusCode":404}},"exit":1,"message":"Request to https://us.gcr.io/v2/globtherapist/gcf/us-central1/tags/list had HTTP Error: 404, Not Found","status":404}
[debug] [2025-02-27T16:50:26.131Z] Checked if tokens are valid: true, expires at: 1740677123489
[debug] [2025-02-27T16:50:26.131Z] Checked if tokens are valid: true, expires at: 1740677123489
[debug] [2025-02-27T16:50:26.131Z] >>> [apiv2][query] GET https://us.gcr.io/v2/globtherapist/gcf/us-central1/tags/list [none]
[debug] [2025-02-27T16:50:26.295Z] <<< [apiv2][status] GET https://us.gcr.io/v2/globtherapist/gcf/us-central1/tags/list 404
[debug] [2025-02-27T16:50:26.295Z] <<< [apiv2][body] GET https://us.gcr.io/v2/globtherapist/gcf/us-central1/tags/list {"errors":[{"code":"NAME_UNKNOWN","message":"Repository \"us.gcr.io\" not found"}]}
[debug] [2025-02-27T16:50:26.295Z] Failed docker command with error  Request to https://us.gcr.io/v2/globtherapist/gcf/us-central1/tags/list had HTTP Error: 404, Not Found {"name":"FirebaseError","children":[],"context":{"body":{"errors":[{"code":"NAME_UNKNOWN","message":"Repository \"us.gcr.io\" not found"}],"error":{"message":"Not Found"}},"response":{"statusCode":404}},"exit":1,"message":"Request to https://us.gcr.io/v2/globtherapist/gcf/us-central1/tags/list had HTTP Error: 404, Not Found","status":404}
[warn] !  functions: Unhandled error cleaning up build images. This could result in a small monthly bill if not corrected. You can attempt to delete these images by redeploying or you can delete them manually at https://console.cloud.google.com/gcr/images/globtherapist/us/gcf 
[debug] [2025-02-27T16:50:26.296Z] Functions deploy failed.
[debug] [2025-02-27T16:50:26.296Z] {
  "endpoint": {
    "id": "createAgoraToken",
    "project": "globtherapist",
    "region": "us-central1",
    "entryPoint": "createAgoraToken",
    "platform": "gcfv2",
    "runtime": "nodejs18",
    "httpsTrigger": {},
    "labels": {
      "deployment-tool": "cli-firebase"
    },
    "ingressSettings": null,
    "availableMemoryMb": null,
    "serviceAccount": null,
    "timeoutSeconds": null,
    "maxInstances": null,
    "minInstances": null,
    "concurrency": 80,
    "vpc": null,
    "environmentVariables": {
      "FIREBASE_CONFIG": "{\"projectId\":\"globtherapist\",\"databaseURL\":\"https://globtherapist-default-rtdb.firebaseio.com\",\"storageBucket\":\"globtherapist.firebasestorage.app\"}",
      "GCLOUD_PROJECT": "globtherapist",
      "EVENTARC_CLOUD_EVENT_SOURCE": "projects/globtherapist/locations/us-central1/services/createAgoraToken"
    },
    "codebase": "default",
    "securityLevel": "SECURE_ALWAYS",
    "cpu": 1,
    "targetedByOnly": false,
    "hash": "a2832a8960e138e6ba08af68d2048e900da3ba78"
  },
  "op": "update",
  "original": {
    "name": "FirebaseError",
    "children": [],
    "exit": 1,
    "message": "Could not create or update Cloud Run service createagoratoken, Container Healthcheck failed. Revision 'createagoratoken-00001-beg' is not ready and cannot serve traffic. The user-provided container failed to start and listen on the port defined provided by the PORT=8080 environment variable within the allocated timeout. This can happen when the container port is misconfigured or if the timeout is too short. The health check timeout can be extended. Logs for this revision might contain more information.\n\nLogs URL: https://console.cloud.google.com/logs/viewer?project=globtherapist&resource=cloud_run_revision/service_name/createagoratoken/revision_name/createagoratoken-00001-beg&advancedFilter=resource.type%3D%22cloud_run_revision%22%0Aresource.labels.service_name%3D%22createagoratoken%22%0Aresource.labels.revision_name%3D%22createagoratoken-00001-beg%22 \nFor more troubleshooting guidance, see https://cloud.google.com/run/docs/troubleshooting#container-failed-to-start",
    "original": {
      "code": 3,
      "message": "Could not create or update Cloud Run service createagoratoken, Container Healthcheck failed. Revision 'createagoratoken-00001-beg' is not ready and cannot serve traffic. The user-provided container failed to start and listen on the port defined provided by the PORT=8080 environment variable within the allocated timeout. This can happen when the container port is misconfigured or if the timeout is too short. The health check timeout can be extended. Logs for this revision might contain more information.\n\nLogs URL: https://console.cloud.google.com/logs/viewer?project=globtherapist&resource=cloud_run_revision/service_name/createagoratoken/revision_name/createagoratoken-00001-beg&advancedFilter=resource.type%3D%22cloud_run_revision%22%0Aresource.labels.service_name%3D%22createagoratoken%22%0Aresource.labels.revision_name%3D%22createagoratoken-00001-beg%22 \nFor more troubleshooting guidance, see https://cloud.google.com/run/docs/troubleshooting#container-failed-to-start"
    },
    "status": 3,
    "code": 3
  }
}
[debug] [2025-02-27T16:50:26.373Z] Error: Failed to update function createAgoraToken in region us-central1
    at C:\Users\benze\AppData\Roaming\npm\node_modules\firebase-tools\lib\deploy\functions\release\fabricator.js:399:19
    at process.processTicksAndRejections (node:internal/process/task_queues:105:5)
    at async Fabricator.updateV2Function (C:\Users\benze\AppData\Roaming\npm\node_modules\firebase-tools\lib\deploy\functions\release\fabricator.js:388:32)
    at async Fabricator.updateEndpoint (C:\Users\benze\AppData\Roaming\npm\node_modules\firebase-tools\lib\deploy\functions\release\fabricator.js:155:13)
    at async handle (C:\Users\benze\AppData\Roaming\npm\node_modules\firebase-tools\lib\deploy\functions\release\fabricator.js:89:17)
[error] 
[error] Error: There was an error deploying functions
