[debug] [2025-04-08T01:51:56.121Z] ----------------------------------------------------------------------
[debug] [2025-04-08T01:51:56.125Z] Command:       C:\Program Files\nodejs\node.exe C:\Users\benze\AppData\Roaming\npm\node_modules\firebase-tools\lib\bin\firebase.js deploy --only functions
[debug] [2025-04-08T01:51:56.125Z] CLI Version:   13.31.2
[debug] [2025-04-08T01:51:56.126Z] Platform:      win32
[debug] [2025-04-08T01:51:56.126Z] Node Version:  v22.12.0
[debug] [2025-04-08T01:51:56.126Z] Time:          Mon Apr 07 2025 20:51:56 GMT-0500 (hora estándar de Colombia)
[debug] [2025-04-08T01:51:56.126Z] ----------------------------------------------------------------------
[debug] 
[debug] [2025-04-08T01:51:56.494Z] Field "/functions" in "firebase.json" is possibly invalid: must be object
[debug] [2025-04-08T01:51:56.495Z] Object "/functions/0" in "firebase.json" has unknown property: {"additionalProperty":"environmentVariables"}
[debug] [2025-04-08T01:51:56.495Z] Field "/functions" in "firebase.json" is possibly invalid: must match a schema in anyOf
[debug] [2025-04-08T01:51:56.502Z] > command requires scopes: ["email","openid","https://www.googleapis.com/auth/cloudplatformprojects.readonly","https://www.googleapis.com/auth/firebase","https://www.googleapis.com/auth/cloud-platform"]
[debug] [2025-04-08T01:51:56.503Z] > authorizing via signed-in user (c4r1oszambrano@gmail.com)
[debug] [2025-04-08T01:51:56.503Z] [iam] checking project globtherapist for permissions ["cloudfunctions.functions.create","cloudfunctions.functions.delete","cloudfunctions.functions.get","cloudfunctions.functions.list","cloudfunctions.functions.update","cloudfunctions.operations.get","firebase.projects.get"]
[debug] [2025-04-08T01:51:56.504Z] Checked if tokens are valid: true, expires at: 1744078590050
[debug] [2025-04-08T01:51:56.505Z] Checked if tokens are valid: true, expires at: 1744078590050
[debug] [2025-04-08T01:51:56.506Z] >>> [apiv2][query] POST https://cloudresourcemanager.googleapis.com/v1/projects/globtherapist:testIamPermissions [none]
[debug] [2025-04-08T01:51:56.506Z] >>> [apiv2][(partial)header] POST https://cloudresourcemanager.googleapis.com/v1/projects/globtherapist:testIamPermissions x-goog-quota-user=projects/globtherapist
[debug] [2025-04-08T01:51:56.506Z] >>> [apiv2][body] POST https://cloudresourcemanager.googleapis.com/v1/projects/globtherapist:testIamPermissions {"permissions":["cloudfunctions.functions.create","cloudfunctions.functions.delete","cloudfunctions.functions.get","cloudfunctions.functions.list","cloudfunctions.functions.update","cloudfunctions.operations.get","firebase.projects.get"]}
[debug] [2025-04-08T01:51:57.118Z] <<< [apiv2][status] POST https://cloudresourcemanager.googleapis.com/v1/projects/globtherapist:testIamPermissions 200
[debug] [2025-04-08T01:51:57.118Z] <<< [apiv2][body] POST https://cloudresourcemanager.googleapis.com/v1/projects/globtherapist:testIamPermissions {"permissions":["cloudfunctions.functions.create","cloudfunctions.functions.delete","cloudfunctions.functions.get","cloudfunctions.functions.list","cloudfunctions.functions.update","cloudfunctions.operations.get","firebase.projects.get"]}
[debug] [2025-04-08T01:51:57.119Z] Checked if tokens are valid: true, expires at: 1744078590050
[debug] [2025-04-08T01:51:57.119Z] Checked if tokens are valid: true, expires at: 1744078590050
[debug] [2025-04-08T01:51:57.119Z] >>> [apiv2][query] POST https://iam.googleapis.com/v1/projects/globtherapist/serviceAccounts/globtherapist@appspot.gserviceaccount.com:testIamPermissions [none]
[debug] [2025-04-08T01:51:57.119Z] >>> [apiv2][body] POST https://iam.googleapis.com/v1/projects/globtherapist/serviceAccounts/globtherapist@appspot.gserviceaccount.com:testIamPermissions {"permissions":["iam.serviceAccounts.actAs"]}
[debug] [2025-04-08T01:51:57.621Z] <<< [apiv2][status] POST https://iam.googleapis.com/v1/projects/globtherapist/serviceAccounts/globtherapist@appspot.gserviceaccount.com:testIamPermissions 404
[debug] [2025-04-08T01:51:57.621Z] <<< [apiv2][body] POST https://iam.googleapis.com/v1/projects/globtherapist/serviceAccounts/globtherapist@appspot.gserviceaccount.com:testIamPermissions {"error":{"code":404,"message":"Unknown service account","status":"NOT_FOUND"}}
[debug] [2025-04-08T01:51:57.623Z] [functions] service account IAM check errored, deploy may fail: Request to https://iam.googleapis.com/v1/projects/globtherapist/serviceAccounts/globtherapist@appspot.gserviceaccount.com:testIamPermissions had HTTP Error: 404, Unknown service account {"name":"FirebaseError","children":[],"context":{"body":{"error":{"code":404,"message":"Unknown service account","status":"NOT_FOUND"}},"response":{"statusCode":404}},"exit":1,"message":"Request to https://iam.googleapis.com/v1/projects/globtherapist/serviceAccounts/globtherapist@appspot.gserviceaccount.com:testIamPermissions had HTTP Error: 404, Unknown service account","status":404}
[info] 
[info] === Deploying to 'globtherapist'...
[info] 
[info] i  deploying functions 
[debug] [2025-04-08T01:51:57.636Z] Checked if tokens are valid: true, expires at: 1744078590050
[debug] [2025-04-08T01:51:57.637Z] Checked if tokens are valid: true, expires at: 1744078590050
[debug] [2025-04-08T01:51:57.637Z] >>> [apiv2][query] GET https://cloudresourcemanager.googleapis.com/v1/projects/globtherapist [none]
[debug] [2025-04-08T01:51:57.787Z] <<< [apiv2][status] GET https://cloudresourcemanager.googleapis.com/v1/projects/globtherapist 200
[debug] [2025-04-08T01:51:57.787Z] <<< [apiv2][body] GET https://cloudresourcemanager.googleapis.com/v1/projects/globtherapist {"projectNumber":"269370944595","projectId":"globtherapist","lifecycleState":"ACTIVE","name":"GLOBTHERAPIST","labels":{"firebase":"enabled","firebase-core":"disabled"},"createTime":"2024-12-27T23:28:24.859693Z"}
[info] i  functions: preparing codebase default for deployment 
[info] i  functions: ensuring required API cloudfunctions.googleapis.com is enabled... 
[debug] [2025-04-08T01:51:57.789Z] Checked if tokens are valid: true, expires at: 1744078590050
[debug] [2025-04-08T01:51:57.789Z] Checked if tokens are valid: true, expires at: 1744078590050
[debug] [2025-04-08T01:51:57.789Z] Checked if tokens are valid: true, expires at: 1744078590050
[debug] [2025-04-08T01:51:57.789Z] Checked if tokens are valid: true, expires at: 1744078590050
[info] i  functions: ensuring required API cloudbuild.googleapis.com is enabled... 
[debug] [2025-04-08T01:51:57.790Z] Checked if tokens are valid: true, expires at: 1744078590050
[debug] [2025-04-08T01:51:57.790Z] Checked if tokens are valid: true, expires at: 1744078590050
[info] i  artifactregistry: ensuring required API artifactregistry.googleapis.com is enabled... 
[debug] [2025-04-08T01:51:57.790Z] Checked if tokens are valid: true, expires at: 1744078590050
[debug] [2025-04-08T01:51:57.790Z] Checked if tokens are valid: true, expires at: 1744078590050
[debug] [2025-04-08T01:51:57.790Z] >>> [apiv2][query] GET https://serviceusage.googleapis.com/v1/projects/globtherapist/services/cloudfunctions.googleapis.com [none]
[debug] [2025-04-08T01:51:57.790Z] >>> [apiv2][(partial)header] GET https://serviceusage.googleapis.com/v1/projects/globtherapist/services/cloudfunctions.googleapis.com x-goog-quota-user=projects/globtherapist
[debug] [2025-04-08T01:51:57.792Z] >>> [apiv2][query] GET https://serviceusage.googleapis.com/v1/projects/globtherapist/services/runtimeconfig.googleapis.com [none]
[debug] [2025-04-08T01:51:57.792Z] >>> [apiv2][(partial)header] GET https://serviceusage.googleapis.com/v1/projects/globtherapist/services/runtimeconfig.googleapis.com x-goog-quota-user=projects/globtherapist
[debug] [2025-04-08T01:51:57.794Z] >>> [apiv2][query] GET https://serviceusage.googleapis.com/v1/projects/globtherapist/services/cloudbuild.googleapis.com [none]
[debug] [2025-04-08T01:51:57.794Z] >>> [apiv2][(partial)header] GET https://serviceusage.googleapis.com/v1/projects/globtherapist/services/cloudbuild.googleapis.com x-goog-quota-user=projects/globtherapist
[debug] [2025-04-08T01:51:57.796Z] >>> [apiv2][query] GET https://serviceusage.googleapis.com/v1/projects/globtherapist/services/artifactregistry.googleapis.com [none]
[debug] [2025-04-08T01:51:57.796Z] >>> [apiv2][(partial)header] GET https://serviceusage.googleapis.com/v1/projects/globtherapist/services/artifactregistry.googleapis.com x-goog-quota-user=projects/globtherapist
[debug] [2025-04-08T01:51:58.492Z] <<< [apiv2][status] GET https://serviceusage.googleapis.com/v1/projects/globtherapist/services/artifactregistry.googleapis.com 200
[debug] [2025-04-08T01:51:58.492Z] <<< [apiv2][body] GET https://serviceusage.googleapis.com/v1/projects/globtherapist/services/artifactregistry.googleapis.com [omitted]
[info] +  artifactregistry: required API artifactregistry.googleapis.com is enabled 
[debug] [2025-04-08T01:51:58.524Z] <<< [apiv2][status] GET https://serviceusage.googleapis.com/v1/projects/globtherapist/services/cloudfunctions.googleapis.com 200
[debug] [2025-04-08T01:51:58.524Z] <<< [apiv2][body] GET https://serviceusage.googleapis.com/v1/projects/globtherapist/services/cloudfunctions.googleapis.com [omitted]
[info] +  functions: required API cloudfunctions.googleapis.com is enabled 
[debug] [2025-04-08T01:51:58.542Z] <<< [apiv2][status] GET https://serviceusage.googleapis.com/v1/projects/globtherapist/services/runtimeconfig.googleapis.com 200
[debug] [2025-04-08T01:51:58.542Z] <<< [apiv2][body] GET https://serviceusage.googleapis.com/v1/projects/globtherapist/services/runtimeconfig.googleapis.com [omitted]
[debug] [2025-04-08T01:51:58.547Z] <<< [apiv2][status] GET https://serviceusage.googleapis.com/v1/projects/globtherapist/services/cloudbuild.googleapis.com 200
[debug] [2025-04-08T01:51:58.548Z] <<< [apiv2][body] GET https://serviceusage.googleapis.com/v1/projects/globtherapist/services/cloudbuild.googleapis.com [omitted]
[info] +  functions: required API cloudbuild.googleapis.com is enabled 
[debug] [2025-04-08T01:51:58.548Z] Checked if tokens are valid: true, expires at: 1744078590050
[debug] [2025-04-08T01:51:58.548Z] Checked if tokens are valid: true, expires at: 1744078590050
[debug] [2025-04-08T01:51:58.549Z] >>> [apiv2][query] GET https://firebase.googleapis.com/v1beta1/projects/globtherapist/adminSdkConfig [none]
[debug] [2025-04-08T01:51:59.112Z] <<< [apiv2][status] GET https://firebase.googleapis.com/v1beta1/projects/globtherapist/adminSdkConfig 200
[debug] [2025-04-08T01:51:59.113Z] <<< [apiv2][body] GET https://firebase.googleapis.com/v1beta1/projects/globtherapist/adminSdkConfig {"projectId":"globtherapist","databaseURL":"https://globtherapist-default-rtdb.firebaseio.com","storageBucket":"globtherapist.firebasestorage.app"}
[debug] [2025-04-08T01:51:59.113Z] Checked if tokens are valid: true, expires at: 1744078590050
[debug] [2025-04-08T01:51:59.113Z] Checked if tokens are valid: true, expires at: 1744078590050
[debug] [2025-04-08T01:51:59.114Z] >>> [apiv2][query] GET https://runtimeconfig.googleapis.com/v1beta1/projects/globtherapist/configs [none]
[debug] [2025-04-08T01:51:59.390Z] <<< [apiv2][status] GET https://runtimeconfig.googleapis.com/v1beta1/projects/globtherapist/configs 200
[debug] [2025-04-08T01:51:59.390Z] <<< [apiv2][body] GET https://runtimeconfig.googleapis.com/v1beta1/projects/globtherapist/configs {"configs":[{"name":"projects/globtherapist/configs/agora"},{"name":"projects/globtherapist/configs/mercadopago"}]}
[debug] [2025-04-08T01:51:59.392Z] Checked if tokens are valid: true, expires at: 1744078590050
[debug] [2025-04-08T01:51:59.392Z] Checked if tokens are valid: true, expires at: 1744078590050
[debug] [2025-04-08T01:51:59.393Z] Checked if tokens are valid: true, expires at: 1744078590050
[debug] [2025-04-08T01:51:59.393Z] Checked if tokens are valid: true, expires at: 1744078590050
[debug] [2025-04-08T01:51:59.394Z] >>> [apiv2][query] GET https://runtimeconfig.googleapis.com/v1beta1/projects/globtherapist/configs/agora/variables [none]
[debug] [2025-04-08T01:51:59.397Z] >>> [apiv2][query] GET https://runtimeconfig.googleapis.com/v1beta1/projects/globtherapist/configs/mercadopago/variables [none]
[debug] [2025-04-08T01:51:59.664Z] <<< [apiv2][status] GET https://runtimeconfig.googleapis.com/v1beta1/projects/globtherapist/configs/agora/variables 200
[debug] [2025-04-08T01:51:59.664Z] <<< [apiv2][body] GET https://runtimeconfig.googleapis.com/v1beta1/projects/globtherapist/configs/agora/variables {"variables":[{"name":"projects/globtherapist/configs/agora/variables/chat_app_id","updateTime":"2025-03-04T20:56:05.057406965Z"},{"name":"projects/globtherapist/configs/agora/variables/chat_app_key","updateTime":"2025-03-05T23:15:49.528144926Z"},{"name":"projects/globtherapist/configs/agora/variables/app_certificate","updateTime":"2025-03-05T23:15:49.375358379Z"},{"name":"projects/globtherapist/configs/agora/variables/app_id","updateTime":"2025-02-28T20:05:44.497579338Z"},{"name":"projects/globtherapist/configs/agora/variables/chat_app_certificate","updateTime":"2025-03-04T20:56:05.021966336Z"}]}
[debug] [2025-04-08T01:51:59.664Z] Checked if tokens are valid: true, expires at: 1744078590050
[debug] [2025-04-08T01:51:59.664Z] Checked if tokens are valid: true, expires at: 1744078590050
[debug] [2025-04-08T01:51:59.664Z] Checked if tokens are valid: true, expires at: 1744078590050
[debug] [2025-04-08T01:51:59.664Z] Checked if tokens are valid: true, expires at: 1744078590050
[debug] [2025-04-08T01:51:59.665Z] Checked if tokens are valid: true, expires at: 1744078590050
[debug] [2025-04-08T01:51:59.665Z] Checked if tokens are valid: true, expires at: 1744078590050
[debug] [2025-04-08T01:51:59.665Z] Checked if tokens are valid: true, expires at: 1744078590050
[debug] [2025-04-08T01:51:59.665Z] Checked if tokens are valid: true, expires at: 1744078590050
[debug] [2025-04-08T01:51:59.665Z] Checked if tokens are valid: true, expires at: 1744078590050
[debug] [2025-04-08T01:51:59.665Z] Checked if tokens are valid: true, expires at: 1744078590050
[debug] [2025-04-08T01:51:59.665Z] >>> [apiv2][query] GET https://runtimeconfig.googleapis.com/v1beta1/projects/globtherapist/configs/agora/variables/chat_app_id [none]
[debug] [2025-04-08T01:51:59.666Z] >>> [apiv2][query] GET https://runtimeconfig.googleapis.com/v1beta1/projects/globtherapist/configs/agora/variables/chat_app_key [none]
[debug] [2025-04-08T01:51:59.668Z] >>> [apiv2][query] GET https://runtimeconfig.googleapis.com/v1beta1/projects/globtherapist/configs/agora/variables/app_certificate [none]
[debug] [2025-04-08T01:51:59.670Z] >>> [apiv2][query] GET https://runtimeconfig.googleapis.com/v1beta1/projects/globtherapist/configs/agora/variables/app_id [none]
[debug] [2025-04-08T01:51:59.671Z] >>> [apiv2][query] GET https://runtimeconfig.googleapis.com/v1beta1/projects/globtherapist/configs/agora/variables/chat_app_certificate [none]
[debug] [2025-04-08T01:51:59.752Z] <<< [apiv2][status] GET https://runtimeconfig.googleapis.com/v1beta1/projects/globtherapist/configs/mercadopago/variables 200
[debug] [2025-04-08T01:51:59.753Z] <<< [apiv2][body] GET https://runtimeconfig.googleapis.com/v1beta1/projects/globtherapist/configs/mercadopago/variables {"variables":[{"name":"projects/globtherapist/configs/mercadopago/variables/token","updateTime":"2025-04-07T20:17:15.872484436Z"}]}
[debug] [2025-04-08T01:51:59.753Z] Checked if tokens are valid: true, expires at: 1744078590050
[debug] [2025-04-08T01:51:59.753Z] Checked if tokens are valid: true, expires at: 1744078590050
[debug] [2025-04-08T01:51:59.754Z] >>> [apiv2][query] GET https://runtimeconfig.googleapis.com/v1beta1/projects/globtherapist/configs/mercadopago/variables/token [none]
[debug] [2025-04-08T01:51:59.937Z] <<< [apiv2][status] GET https://runtimeconfig.googleapis.com/v1beta1/projects/globtherapist/configs/agora/variables/chat_app_id 200
[debug] [2025-04-08T01:51:59.937Z] <<< [apiv2][body] GET https://runtimeconfig.googleapis.com/v1beta1/projects/globtherapist/configs/agora/variables/chat_app_id {"name":"projects/globtherapist/configs/agora/variables/chat_app_id","updateTime":"2025-03-04T20:56:05.057406965Z","text":"411303755#1502723"}
[debug] [2025-04-08T01:51:59.990Z] <<< [apiv2][status] GET https://runtimeconfig.googleapis.com/v1beta1/projects/globtherapist/configs/agora/variables/chat_app_key 200
[debug] [2025-04-08T01:51:59.990Z] <<< [apiv2][body] GET https://runtimeconfig.googleapis.com/v1beta1/projects/globtherapist/configs/agora/variables/chat_app_key {"name":"projects/globtherapist/configs/agora/variables/chat_app_key","updateTime":"2025-03-05T23:15:49.528144926Z","text":"411303755#1502723"}
[debug] [2025-04-08T01:51:59.992Z] <<< [apiv2][status] GET https://runtimeconfig.googleapis.com/v1beta1/projects/globtherapist/configs/agora/variables/chat_app_certificate 200
[debug] [2025-04-08T01:51:59.992Z] <<< [apiv2][body] GET https://runtimeconfig.googleapis.com/v1beta1/projects/globtherapist/configs/agora/variables/chat_app_certificate {"name":"projects/globtherapist/configs/agora/variables/chat_app_certificate","updateTime":"2025-03-04T20:56:05.021966336Z","text":"411303755"}
[debug] [2025-04-08T01:52:00.022Z] <<< [apiv2][status] GET https://runtimeconfig.googleapis.com/v1beta1/projects/globtherapist/configs/mercadopago/variables/token 200
[debug] [2025-04-08T01:52:00.022Z] <<< [apiv2][body] GET https://runtimeconfig.googleapis.com/v1beta1/projects/globtherapist/configs/mercadopago/variables/token {"name":"projects/globtherapist/configs/mercadopago/variables/token","updateTime":"2025-04-07T20:17:15.872484436Z","text":"TTEST-2400667744553776-031717-f3674df0979637213ae96babb278b9e9-313341255"}
[debug] [2025-04-08T01:52:00.023Z] <<< [apiv2][status] GET https://runtimeconfig.googleapis.com/v1beta1/projects/globtherapist/configs/agora/variables/app_id 200
[debug] [2025-04-08T01:52:00.023Z] <<< [apiv2][body] GET https://runtimeconfig.googleapis.com/v1beta1/projects/globtherapist/configs/agora/variables/app_id {"name":"projects/globtherapist/configs/agora/variables/app_id","updateTime":"2025-02-28T20:05:44.497579338Z","text":"bff78fc26c24440cbbffe260a9d5ec7d"}
[debug] [2025-04-08T01:52:00.025Z] <<< [apiv2][status] GET https://runtimeconfig.googleapis.com/v1beta1/projects/globtherapist/configs/agora/variables/app_certificate 200
[debug] [2025-04-08T01:52:00.025Z] <<< [apiv2][body] GET https://runtimeconfig.googleapis.com/v1beta1/projects/globtherapist/configs/agora/variables/app_certificate {"name":"projects/globtherapist/configs/agora/variables/app_certificate","updateTime":"2025-03-05T23:15:49.375358379Z","text":"ba57a0ec1acc43c7ad6da62d4889ddea"}
[debug] [2025-04-08T01:52:00.028Z] Validating nodejs source
[debug] [2025-04-08T01:52:01.881Z] > [functions] package.json contents: {
  "name": "functions",
  "description": "Cloud Functions for Firebase",
  "scripts": {
    "serve": "firebase emulators:start --only functions",
    "shell": "firebase functions:shell",
    "start": "npm run shell",
    "deploy": "firebase deploy --only functions",
    "logs": "firebase functions:log"
  },
  "engines": {
    "node": "20"
  },
  "main": "index.js",
  "dependencies": {
    "agora-access-token": "^2.0.4",
    "agora-chat": "^1.3.1",
    "agora-rtc-sdk-ng": "^4.22.0",
    "agora-token": "^2.0.3",
    "cors": "^2.8.5",
    "dotenv": "^16.4.7",
    "express": "^4.21.2",
    "firebase-admin": "^12.7.0",
    "firebase-functions": "^6.3.2",
    "mercadopago": "^2.4.0"
  },
  "devDependencies": {
    "@babel/core": "^7.26.9",
    "@babel/preset-env": "^7.26.9",
    "firebase-functions-test": "^3.1.0"
  },
  "private": true
}
[debug] [2025-04-08T01:52:01.881Z] Building nodejs source
[info] i  functions: Loading and analyzing source code for codebase default to determine what to deploy 
[debug] [2025-04-08T01:52:01.883Z] Could not find functions.yaml. Must use http discovery
[debug] [2025-04-08T01:52:01.897Z] Found firebase-functions binary at 'C:\Users\benze\Documents\GitHub\globtherapist\functions\node_modules\.bin\firebase-functions'
[info] Serving at port 8370

[error] (node:17220) [DEP0040] DeprecationWarning: The `punycode` module is deprecated. Please use a userland alternative instead.
(Use `node --trace-deprecation ...` to show where the warning was created)

[debug] [2025-04-08T01:52:03.176Z] Got response from /__/functions.yaml {"endpoints":{"api":{"availableMemoryMb":null,"timeoutSeconds":null,"minInstances":null,"maxInstances":null,"ingressSettings":null,"concurrency":null,"serviceAccountEmail":null,"vpc":null,"platform":"gcfv2","labels":{},"httpsTrigger":{},"entryPoint":"api"}},"specVersion":"v1alpha1","requiredAPIs":[],"extensions":{}}
[info] i  extensions: ensuring required API firebaseextensions.googleapis.com is enabled... 
[debug] [2025-04-08T01:52:07.298Z] Checked if tokens are valid: true, expires at: 1744078590050
[debug] [2025-04-08T01:52:07.298Z] Checked if tokens are valid: true, expires at: 1744078590050
[debug] [2025-04-08T01:52:07.298Z] >>> [apiv2][query] GET https://serviceusage.googleapis.com/v1/projects/globtherapist/services/firebaseextensions.googleapis.com [none]
[debug] [2025-04-08T01:52:07.298Z] >>> [apiv2][(partial)header] GET https://serviceusage.googleapis.com/v1/projects/globtherapist/services/firebaseextensions.googleapis.com x-goog-quota-user=projects/globtherapist
[debug] [2025-04-08T01:52:07.993Z] <<< [apiv2][status] GET https://serviceusage.googleapis.com/v1/projects/globtherapist/services/firebaseextensions.googleapis.com 200
[debug] [2025-04-08T01:52:07.994Z] <<< [apiv2][body] GET https://serviceusage.googleapis.com/v1/projects/globtherapist/services/firebaseextensions.googleapis.com [omitted]
[info] +  extensions: required API firebaseextensions.googleapis.com is enabled 
[debug] [2025-04-08T01:52:07.995Z] > command requires scopes: ["email","openid","https://www.googleapis.com/auth/cloudplatformprojects.readonly","https://www.googleapis.com/auth/firebase","https://www.googleapis.com/auth/cloud-platform"]
[debug] [2025-04-08T01:52:07.996Z] > authorizing via signed-in user (c4r1oszambrano@gmail.com)
[debug] [2025-04-08T01:52:07.996Z] [iam] checking project globtherapist for permissions ["firebase.projects.get","firebaseextensions.instances.list"]
[debug] [2025-04-08T01:52:07.996Z] Checked if tokens are valid: true, expires at: 1744078590050
[debug] [2025-04-08T01:52:07.996Z] Checked if tokens are valid: true, expires at: 1744078590050
[debug] [2025-04-08T01:52:07.997Z] >>> [apiv2][query] POST https://cloudresourcemanager.googleapis.com/v1/projects/globtherapist:testIamPermissions [none]
[debug] [2025-04-08T01:52:07.997Z] >>> [apiv2][(partial)header] POST https://cloudresourcemanager.googleapis.com/v1/projects/globtherapist:testIamPermissions x-goog-quota-user=projects/globtherapist
[debug] [2025-04-08T01:52:07.997Z] >>> [apiv2][body] POST https://cloudresourcemanager.googleapis.com/v1/projects/globtherapist:testIamPermissions {"permissions":["firebase.projects.get","firebaseextensions.instances.list"]}
[debug] [2025-04-08T01:52:08.420Z] <<< [apiv2][status] POST https://cloudresourcemanager.googleapis.com/v1/projects/globtherapist:testIamPermissions 200
[debug] [2025-04-08T01:52:08.420Z] <<< [apiv2][body] POST https://cloudresourcemanager.googleapis.com/v1/projects/globtherapist:testIamPermissions {"permissions":["firebase.projects.get","firebaseextensions.instances.list"]}
[debug] [2025-04-08T01:52:08.421Z] Checked if tokens are valid: true, expires at: 1744078590050
[debug] [2025-04-08T01:52:08.422Z] Checked if tokens are valid: true, expires at: 1744078590050
[debug] [2025-04-08T01:52:08.423Z] >>> [apiv2][query] GET https://firebaseextensions.googleapis.com/v1beta/projects/globtherapist/instances pageSize=100&pageToken=
[debug] [2025-04-08T01:52:09.226Z] <<< [apiv2][status] GET https://firebaseextensions.googleapis.com/v1beta/projects/globtherapist/instances 200
[debug] [2025-04-08T01:52:09.227Z] <<< [apiv2][body] GET https://firebaseextensions.googleapis.com/v1beta/projects/globtherapist/instances {"instances":[{"name":"projects/globtherapist/instances/firestore-send-email","createTime":"2025-01-28T20:32:06.366266Z","updateTime":"2025-04-07T17:17:32.166408Z","state":"ACTIVE","config":{"name":"projects/globtherapist/instances/firestore-send-email/configurations/78a4dea6-b57f-4d9a-b03e-485417a47374","createTime":"2025-04-07T16:59:32.618130Z","source":{"name":"projects/firebaseextensions/sources/d4ccb8f7-7899-4013-9325-a901f91ac09d","packageUri":"https://storage.googleapis.com/firebase-extensions-packages-prod/firebase-firestore-send-email-0.1.37-40d6f921-d7a2-4d5d-9ef2-2f32fd789564.zip","hash":"07b6f32f05d310196afebe41f699e30d8b268d0aac0bae6176070fa4fcf554b1","extensionRoot":"/","spec":{"specVersion":"v1beta","name":"firestore-send-email","version":"0.1.37","description":"Composes and sends an email based on the contents of a document written to a specified Cloud Firestore collection.","roles":[{"role":"datastore.user","reason":"Allows this extension to access Cloud Firestore to read and process added email documents."}],"resources":[{"name":"processQueue","type":"firebaseextensions.v1beta.function","propertiesYaml":"eventTrigger:\n  eventType: providers/cloud.firestore/eventTypes/document.write\n  resource: projects/${param:PROJECT_ID}/databases/(default)/documents/${param:MAIL_COLLECTION}/{id}\nruntime: nodejs20\n","description":"Processes document changes in the specified Cloud Firestore collection, delivers emails, and updates the document with delivery status information.","deletionPolicy":"DELETE"}],"billingRequired":true,"author":{"authorName":"Firebase","url":"https://firebase.google.com"},"contributors":[{"authorName":"Michael Bleigh","url":"https://github.com/mbleigh"},{"authorName":"Invertase","email":"oss@invertase.io","url":"https://github.com/invertase"}],"license":"Apache-2.0","releaseNotesUrl":"https://github.com/firebase/extensions/blob/master/firestore-send-email/CHANGELOG.md","sourceUrl":"https://github.com/firebase/extensions/tree/master/firestore-send-email","params":[{"param":"AUTH_TYPE","label":"Authentication Type","type":"SELECT","description":"The authentication type to be used for the SMTP server (e.g., OAuth2, Username & Password.","required":true,"options":[{"value":"UsernamePassword","label":"Username & Password"},{"value":"OAuth2","label":"OAuth2"}],"default":"UsernamePassword"},{"param":"SMTP_CONNECTION_URI","label":"SMTP connection URI","type":"STRING","description":"A URI representing an SMTP server this extension can use to deliver email. Note that port 25 is blocked by Google Cloud Platform, so we recommend using port 587 for SMTP connections. If you're using the SMTPS protocol, we recommend using port 465. In order to keep passwords secure, it is recommended to omit the password from the connection string while using the `SMTP Password` field for entering secrets and passwords. Passwords and secrets should now be included in `SMTP password` field.\nSecure format:\n `smtps://username@gmail.com@smtp.gmail.com:465` (username only)\n `smtps://smtp.gmail.com:465` (No username and password)\nBackwards Compatible (less secure):\n `smtps://username@gmail.com:password@smtp.gmail.com:465`. (username and\npassword)","example":"smtps://username@smtp.hostname.com:465","validationRegex":"^(smtp[s]*://(.*?(:[^:@]*)?@)?[^:@]+:[0-9]+(\\?[^ ]*)?)|^$","validationErrorMessage":"Invalid SMTP connection URI. Must be in the form `smtp(s)://username:password@hostname:port` or `smtp(s)://username@hostname:port` or to be left blank."},{"param":"SMTP_PASSWORD","label":"SMTP password","type":"SECRET","description":"User password for the SMTP server"},{"param":"HOST","label":"OAuth2 SMTP Host","type":"STRING","description":"The OAuth2 hostname of the SMTP server (e.g., smtp.gmail.com)."},{"param":"OAUTH_PORT","label":"OAuth2 SMTP Port","type":"STRING","description":"The OAuth2 port number for the SMTP server (e.g., 465 for SMTPS, 587 for STARTTLS).","default":"465"},{"param":"OAUTH_SECURE","label":"Use secure OAuth2 connection?","type":"SELECT","description":"Set to true to enable a secure connection (TLS/SSL) when using OAuth2 authentication for the SMTP server.","options":[{"value":"true","label":"Yes"},{"value":"false","label":"No"}],"default":"true"},{"param":"CLIENT_ID","label":"OAuth2 Client ID","type":"SECRET","description":"The OAuth2 Client ID for authentication with the SMTP server."},{"param":"CLIENT_SECRET","label":"OAuth2 Client Secret","type":"SECRET","description":"The OAuth2 Client Secret for authentication with the SMTP server."},{"param":"REFRESH_TOKEN","label":"OAuth2 Refresh Token","type":"SECRET","description":"The OAuth2 Refresh Token for authentication with the SMTP server."},{"param":"USER","label":"OAuth2 SMTP User","type":"STRING","description":"The OAuth2 user email or username for SMTP authentication."},{"param":"MAIL_COLLECTION","label":"Email documents collection","type":"STRING","description":"What is the path to the collection that contains the documents used to build and send the emails?","required":true,"default":"mail","validationRegex":"^[^/]+(/[^/]+/[^/]+)*$","validationErrorMessage":"Must be a valid Cloud Firestore collection"},{"param":"DEFAULT_FROM","label":"Default FROM address","type":"STRING","description":"The email address to use as the sender's address (if it's not specified in the added email document). You can optionally include a name with the email address (`Friendly Firebaser <foobar@example.com>`). This parameter does not work with [Gmail SMTP](https://nodemailer.com/usage/using-gmail/).","required":true,"example":"foobar@example.com","validationRegex":"^(([^<>()\\[\\]\\.,;:\\s@\\\"]+(\\.[^<>()\\[\\]\\.,;:\\s@\\\"]+)*)|(\\\".+\\\"))@(([^<>()[\\]\\.,;:\\s@\\\"]+\\.)+[^<>()[\\]\\.,;:\\s@\\\"]{2,})$|^.*<(([^<>()\\[\\]\\.,;:\\s@\\\"]+(\\.[^<>()\\[\\]\\.,;:\\s@\\\"]+)*)|(\\\".+\\\"))@(([^<>()[\\]\\.,;:\\s@\\\"]+\\.)+[^<>()[\\]\\.,;:\\s@\\\"]{2,})>$","validationErrorMessage":"Must be a valid email address or valid name plus email address"},{"param":"DEFAULT_REPLY_TO","label":"Default REPLY-TO address","type":"STRING","description":"The email address to use as the reply-to address (if it's not specified in the added email document)."},{"param":"USERS_COLLECTION","label":"Users collection","type":"STRING","description":"A collection of documents keyed by user UID. If the `toUids`, `ccUids`, and/or `bccUids` recipient options are used in the added email document, this extension delivers email to the `email` field based on lookups in this collection."},{"param":"TEMPLATES_COLLECTION","label":"Templates collection","type":"STRING","description":"A collection of email templates keyed by name. This extension can render an email using a [Handlebar](https://handlebarsjs.com/) template, it's recommended to use triple curly braces `{{{  }}}` in your Handlebars templates when the substitution value is a URL or otherwise sensitive to HTML escaping."},{"param":"TTL_EXPIRE_TYPE","label":"Firestore TTL type","type":"SELECT","description":"Do you want the firestore records to be marked with an expireAt field for a TTL policy? If \"Never\" is selected then no expireAt field will be added. Otherwise you may specify the unit of time specified by the TTL_EXPIRE_VALUE parameter. Defaults to \"Never\".","required":true,"options":[{"value":"never","label":"Never"},{"value":"hour","label":"Hour"},{"value":"day","label":"Day"},{"value":"week","label":"Week"},{"value":"month","label":"Month"},{"value":"year","label":"Year"}],"default":"never"},{"param":"TTL_EXPIRE_VALUE","label":"Firestore TTL value","type":"STRING","description":"In the units specified by TTL_EXPIRE_TYPE, how long do you want records to be ineligible for deletion by a TTL policy? This parameter requires the Firestore TTL type parameter to be set to a value other than `Never`. For example, if `Firestore TTL type` is set to `Day` then setting this parameter to `1` will specify a TTL of 1 day.","required":true,"default":"1","validationRegex":"^[1-9][0-9]*$","validationErrorMessage":"The value must be an integer value greater than zero."},{"param":"TLS_OPTIONS","label":"TLS Options","type":"STRING","description":"A JSON value representing TLS options. For more information, see https://nodejs.org/api/tls.html#tls_class_tls_tlssocket"}],"preinstallContent":"Use this extension to render and send emails that contain the information from documents added to a specified Cloud Firestore collection.\n\nAdding a document triggers this extension to send an email built from the document's fields. The document's top-level fields specify the email sender and recipients, including `to`, `cc`, and `bcc` options (each supporting UIDs). The document's `message` field specifies the other email elements, like subject line and email body (either plaintext or HTML)\n\nHere's a basic example document write that would trigger this extension:\n\n```js\nadmin.firestore().collection('mail').add({\n  to: 'someone@example.com',\n  message: {\n    subject: 'Hello from Firebase!',\n    html: 'This is an <code>HTML</code> email body.',\n  },\n})\n```\n\nYou can also optionally configure this extension to render emails using [Handlebar](https://handlebarsjs.com/) templates. Each template is a document stored in a Cloud Firestore collection.\n\nWhen you configure this extension, you'll need to supply your **SMTP credentials for mail delivery**. Note that this extension is for use with bulk email service providers, like SendGrid, Mailgun, etc.\n\n#### Firestore-Send-Email: SendGrid Categories\n\nWhen using SendGrid (`SMTP_CONNECTION_URI` includes `sendgrid.net`), you can assign categories to your emails.\n\n## Example JSON with Categories:\n```json\n{\n  \"to\": [\"example@example.com\"],\n  \"categories\": [\"Example_Category\"],\n  \"message\": {\n    \"subject\": \"Test Email with Categories\",\n    \"text\": \"This is a test email to see if categories work.\",\n    \"html\": \"<strong>This is a test email to see if categories work.</strong>\"\n  }\n}\n```\n\nAdd this document to the Firestore mail collection to send categorized emails.\n\nFor more details, see the [SendGrid Categories documentation](https://docs.sendgrid.com/ui/sending-email/categories).\n\n#### Setting Up OAuth2 Authentication\n\nThis section will help you set up OAuth2 authentication for the extension, using GCP (Gmail) as an example.\n\nThe extension is agnostic with respect to OAuth2 provider. You just need to provide it with valid Client ID, Client Secret, and Refresh Token parameters.\n\n##### Step 1: Create OAuth Credentials in Google Cloud Platform\n\n1. Go to the [Google Cloud Console](https://console.cloud.google.com/)\n2. Select your project\n3. In the left sidebar, navigate to **APIs & Services > Credentials**\n4. Click Create Credentials and select **OAuth client ID**\n5. Set the application type to **Web application**\n6. Give your OAuth client a name (e.g., \"Firestore Send Email Extension\")\n7. Under **Authorized redirect URIs**, add the URI where you'll receive the OAuth callback, for example, `http://localhost:8080/oauth/callback`.\n\n   **Note**: The redirect URI in your OAuth client settings MUST match exactly the callback URL in your code.\n\n8. Click **Create**.\n\n##### Step 2: Configure OAuth Consent Screen\n\n1. In Google Cloud Console, go to **APIs & Services > OAuth consent screen**\n2. Choose the appropriate user type:\n   - **External**: For applications used by any Google user\n   - **Internal**: For applications used only by users in your organization\n\n> **Important Note**: If your OAuth consent screen is in \"Testing\" status, refresh tokens will expire after 7 days unless the User Type is set to \"Internal.\"\n\n##### Step 3: Generate a Refresh Token\n\nYou can use a standalone helper script (`oauth2-refresh-token-helper.js`) that generates a refresh token without requiring any npm installations. \n\n**Prerequisites:**\n- You must have Node.js installed on your machine\n\n**Download the script:**\n1. Download the script using curl, wget, or directly from your browser:\n   ```bash\n   # Using curl\n   curl -o oauth2-refresh-token-helper.js https://raw.githubusercontent.com/firebase/extensions/refs/heads/master/firestore-send-email/scripts/oauth2-refresh-token-helper.js\n   \n   # Using wget\n   wget https://raw.githubusercontent.com/firebase/extensions/refs/heads/master/firestore-send-email/scripts/oauth2-refresh-token-helper.js\n   ```\n\n   You can also [view the script on GitHub](https://github.com/firebase/extensions/blob/master/firestore-send-email/scripts/oauth2-refresh-token-helper.js) and download it manually.\n\n> **Note**: If you are creating your own application to obtain a refresh token, in a Node.js environment where you can use npm packages, consider using the official google-auth-library instead:\n> \n> 1. Install the library: `npm install google-auth-library`\n> 2. Then use it like this:\n>    ```javascript\n>    import { OAuth2Client } from \"google-auth-library\";\n>    \n>    // Initialize OAuth client\n>    const oAuth2Client = new OAuth2Client(CLIENT_ID, CLIENT_SECRET, REDIRECT_URI);\n>    \n>    // Generate authorization URL\n>    const authorizeUrl = oAuth2Client.generateAuthUrl({\n>      access_type: \"offline\",\n>      prompt: \"consent\",\n>      scope: [\"https://mail.google.com/\"],  // Full Gmail access\n>    });\n>    \n>    // After receiving the code from the callback:\n>    const { tokens } = await oAuth2Client.getToken(code);\n>    const refreshToken = tokens.refresh_token;\n>    ```\n\n2. Run the script with Node.js:\n\n   ```bash\n   node oauth2-refresh-token-helper.js\n   ```\n\n3. The script supports the following command-line options:\n   ```\n   --port, -p     Port to run the server on (default: 8080 or PORT env var)\n   --id, -i       Google OAuth Client ID\n   --secret, -s   Google OAuth Client Secret\n   --output, -o   Output file to save the refresh token (default: refresh_token.txt)\n   --help, -h     Show help information\n   ```\n\n4. You can either provide your credentials as command-line arguments or set them as environment variables:\n   ```bash\n   # Using environment variables\n   export CLIENT_ID=your_client_id\n   export CLIENT_SECRET=your_client_secret\n   node oauth2-refresh-token-helper.js\n\n   # Using command-line arguments\n   node oauth2-refresh-token-helper.js --id=your_client_id --secret=your_client_secret\n   ```\n\n5. The script will:\n   - Start a local web server\n   - Open your browser to the OAuth consent page\n   - Receive the authorization code\n   - Exchange the code for tokens\n   - Save the refresh token to a file (default: `refresh_token.txt`)\n   - Display the refresh token in your browser\n\n6. **Important**: The redirect URI in the script (`http://localhost:8080/oauth/callback` by default) **MUST** match exactly what you configured in the Google Cloud Console OAuth client settings.\n\n7. The script automatically requests the appropriate scope for Gmail access (`https://mail.google.com/`) and sets the authorization parameters to always receive a refresh token (`access_type: \"offline\"` and `prompt: \"consent\"`).\n\n##### Step 4: Configure the Firestore Send Email Extension\n\nWhen installing the extension, select \"OAuth2\" as the **Authentication Type** and provide the following parameters:\n\n- **OAuth2 SMTP Host**: `smtp.gmail.com` (for Gmail)\n- **OAuth2 SMTP Port**: `465` (for SMTPS) or `587` (for STARTTLS)\n- **Use Secure OAuth2 Connection**: `true` (for port 465) or `false` (for port 587)\n- **OAuth2 Client ID**: Your Client ID from GCP\n- **OAuth2 Client Secret**: Your Client Secret from GCP\n- **OAuth2 Refresh Token**: The refresh token generated in Step 3\n- **SMTP User**: Your full Gmail email address\n\nLeave `Use secure OAuth2 connection?` as the default value `true`.\n\n##### Troubleshooting\n\n###### Refresh Token Expiration\n\n- **Testing Status**: If your OAuth consent screen is in \"Testing\" status, refresh tokens expire after 7 days unless User Type is set to \"Internal\"\n- **Solution**: Either publish your app or ensure User Type is set to \"Internal\" in the OAuth consent screen settings\n\n###### No Refresh Token Received\n\n- **Problem**: If you don't receive a refresh token during the OAuth flow\n- **Solution**: Make sure you've revoked previous access or forced consent by going to [Google Account Security](https://myaccount.google.com/security) > Third-party apps with account access\n\n###### Scope Issues\n\n- **Problem**: If you see authentication errors, you might not have the correct scopes\n- **Solution**: Ensure you've added `https://mail.google.com/` as a scope in the OAuth consent screen\n\n###### Additional Resources\n\n- [Google OAuth2 Documentation](https://developers.google.com/identity/protocols/oauth2)\n- [Nodemailer OAuth2 Guide](https://nodemailer.com/smtp/oauth2/)\n- [Firebase Extensions Documentation](https://firebase.google.com/docs/extensions)\n\n#### Automatic Deletion of Email Documents\n\nTo use Firestore's TTL feature for automatic deletion of expired email documents, the extension provides several configuration parameters.\n\nThe extension will set a TTL field in the email documents, but you will need to manually configure a TTL policy for the collection/collection group the extension targets, on the `delivery.expireAt` field.\n\nDetailed instructions for creating a TTL field can be found in the [Firestore TTL Policy documentation](https://firebase.google.com/docs/firestore/ttl).\n\n#### Billing\nTo install an extension, your project must be on the [Blaze (pay as you go) plan](https://firebase.google.com/pricing)\n\n- This extension uses other Firebase and Google Cloud Platform services, which have associated charges if you exceed the service’s no-cost tier:\n  - Cloud Firestore\n  - Cloud Functions (Node.js 10+ runtime. [See FAQs](https://firebase.google.com/support/faq#extensions-pricing))\n\nUsage of this extension also requires you to have SMTP credentials for mail delivery. You are responsible for any associated costs with your usage of your SMTP provider.\n\n#### Further reading & resources\n\nYou can find more information about this extension in the following articles:\n\n- [Sending Emails Using Firestore And Firebase Extensions](https://invertase.link/Y6Nu)","postinstallContent":"### See it in action\n\nYou can test out this extension right away!\n\n1.  Go to your [Cloud Firestore dashboard](https://console.firebase.google.com/project/${param:PROJECT_ID}/firestore/data) in the Firebase console.\n\n1.  If it doesn't already exist, create the collection you specified during installation: `${param:MAIL_COLLECTION}`.\n\n1.  Add a document with a `to` field and a `message` field with the following content:\n\n    ```js\n    to: ['someone@example.com'],\n    message: {\n      subject: 'Hello from Firebase!',\n      text: 'This is the plaintext section of the email body.',\n      html: 'This is the <code>HTML</code> section of the email body.',\n    }\n    ```\n\n1.  In a few seconds, you'll see a `delivery` field appear in the document. The field will update as the extension processes the email.\n\n**Note:** You can also use the [Firebase Admin SDK][admin_sdk] to add a document:\n\n```js\nadmin\n  .firestore()\n  .collection(\"${param:MAIL_COLLECTION}\")\n  .add({\n    to: \"someone@example.com\",\n    message: {\n      subject: \"Hello from Firebase!\",\n      text: \"This is the plaintext section of the email body.\",\n      html: \"This is the <code>HTML</code> section of the email body.\",\n    },\n  })\n  .then(() => console.log(\"Queued email for delivery!\"));\n```\n\n### Using this extension\n\nSee the [official documentation](https://firebase.google.com/docs/extensions/official/firestore-send-email) for information on using this extension, including advanced use cases such as using Handlebars templates and managing email delivery status.\n\n#### Firestore-Send-Email: SendGrid Categories\n\nWhen using SendGrid (`SMTP_CONNECTION_URI` includes `sendgrid.net`), you can assign categories to your emails.\n\n## Example JSON with Categories:\n```json\n{\n  \"to\": [\"example@example.com\"],\n  \"categories\": [\"Example_Category\"],\n  \"message\": {\n    \"subject\": \"Test Email with Categories\",\n    \"text\": \"This is a test email to see if categories work.\",\n    \"html\": \"<strong>This is a test email to see if categories work.</strong>\"\n  }\n}\n```\n\nAdd this document to the Firestore mail collection to send categorized emails.\n\nFor more details, see the [SendGrid Categories documentation](https://docs.sendgrid.com/ui/sending-email/categories).\n\n### Automatic Deletion of Email Documents\n\nTo use Firestore's TTL feature for automatic deletion of expired email documents, the extension provides several configuration parameters.\n\nThe extension will set a TTL field in the email documents, but you will need to manually configure a TTL policy for the collection/collection group the extension targets, on the `delivery.expireAt` field.\n\nDetailed instructions for creating a TTL field can be found in the [Firestore TTL Policy documentation](https://firebase.google.com/docs/firestore/ttl).\n\n\n### Monitoring\n\nAs a best practice, you can [monitor the activity](https://firebase.google.com/docs/extensions/manage-installed-extensions#monitor) of your installed extension, including checks on its health, usage, and logs.\n\n[mail_collection]: https://console.firebase.google.com/project/_/firestore/data~2F${param:MAIL_COLLECTION}\n[admin_sdk]: https://firebase.google.com/docs/admin/setup\n[amp4email]: https://amp.dev/documentation/guides-and-tutorials/learn/email-spec/amp-email-format/\n[handlebars]: https://handlebarsjs.com/\n\n### Further reading & resources\n\nYou can find more information about this extension in the following articles:\n\n- [Sending Emails Using Firestore And Firebase Extensions](https://invertase.link/Y6Nu)","readmeContent":"# Trigger Email from Firestore\n\n**Author**: Firebase (**[https://firebase.google.com](https://firebase.google.com)**)\n\n**Description**: Composes and sends an email based on the contents of a document written to a specified Cloud Firestore collection.\n\n\n\n**Details**: Use this extension to render and send emails that contain the information from documents added to a specified Cloud Firestore collection.\n\nAdding a document triggers this extension to send an email built from the document's fields. The document's top-level fields specify the email sender and recipients, including `to`, `cc`, and `bcc` options (each supporting UIDs). The document's `message` field specifies the other email elements, like subject line and email body (either plaintext or HTML)\n\nHere's a basic example document write that would trigger this extension:\n\n```js\nadmin.firestore().collection('mail').add({\n  to: 'someone@example.com',\n  message: {\n    subject: 'Hello from Firebase!',\n    html: 'This is an <code>HTML</code> email body.',\n  },\n})\n```\n\nYou can also optionally configure this extension to render emails using [Handlebar](https://handlebarsjs.com/) templates. Each template is a document stored in a Cloud Firestore collection.\n\nWhen you configure this extension, you'll need to supply your **SMTP credentials for mail delivery**. Note that this extension is for use with bulk email service providers, like SendGrid, Mailgun, etc.\n\n#### Firestore-Send-Email: SendGrid Categories\n\nWhen using SendGrid (`SMTP_CONNECTION_URI` includes `sendgrid.net`), you can assign categories to your emails.\n\n## Example JSON with Categories:\n```json\n{\n  \"to\": [\"example@example.com\"],\n  \"categories\": [\"Example_Category\"],\n  \"message\": {\n    \"subject\": \"Test Email with Categories\",\n    \"text\": \"This is a test email to see if categories work.\",\n    \"html\": \"<strong>This is a test email to see if categories work.</strong>\"\n  }\n}\n```\n\nAdd this document to the Firestore mail collection to send categorized emails.\n\nFor more details, see the [SendGrid Categories documentation](https://docs.sendgrid.com/ui/sending-email/categories).\n\n#### Setting Up OAuth2 Authentication\n\nThis section will help you set up OAuth2 authentication for the extension, using GCP (Gmail) as an example.\n\nThe extension is agnostic with respect to OAuth2 provider. You just need to provide it with valid Client ID, Client Secret, and Refresh Token parameters.\n\n##### Step 1: Create OAuth Credentials in Google Cloud Platform\n\n1. Go to the [Google Cloud Console](https://console.cloud.google.com/)\n2. Select your project\n3. In the left sidebar, navigate to **APIs & Services > Credentials**\n4. Click Create Credentials and select **OAuth client ID**\n5. Set the application type to **Web application**\n6. Give your OAuth client a name (e.g., \"Firestore Send Email Extension\")\n7. Under **Authorized redirect URIs**, add the URI where you'll receive the OAuth callback, for example, `http://localhost:8080/oauth/callback`.\n\n   **Note**: The redirect URI in your OAuth client settings MUST match exactly the callback URL in your code.\n\n8. Click **Create**.\n\n##### Step 2: Configure OAuth Consent Screen\n\n1. In Google Cloud Console, go to **APIs & Services > OAuth consent screen**\n2. Choose the appropriate user type:\n   - **External**: For applications used by any Google user\n   - **Internal**: For applications used only by users in your organization\n\n> **Important Note**: If your OAuth consent screen is in \"Testing\" status, refresh tokens will expire after 7 days unless the User Type is set to \"Internal.\"\n\n##### Step 3: Generate a Refresh Token\n\nYou can use a standalone helper script (`oauth2-refresh-token-helper.js`) that generates a refresh token without requiring any npm installations. \n\n**Prerequisites:**\n- You must have Node.js installed on your machine\n\n**Download the script:**\n1. Download the script using curl, wget, or directly from your browser:\n   ```bash\n   # Using curl\n   curl -o oauth2-refresh-token-helper.js https://raw.githubusercontent.com/firebase/extensions/refs/heads/master/firestore-send-email/scripts/oauth2-refresh-token-helper.js\n   \n   # Using wget\n   wget https://raw.githubusercontent.com/firebase/extensions/refs/heads/master/firestore-send-email/scripts/oauth2-refresh-token-helper.js\n   ```\n\n   You can also [view the script on GitHub](https://github.com/firebase/extensions/blob/master/firestore-send-email/scripts/oauth2-refresh-token-helper.js) and download it manually.\n\n> **Note**: If you are creating your own application to obtain a refresh token, in a Node.js environment where you can use npm packages, consider using the official google-auth-library instead:\n> \n> 1. Install the library: `npm install google-auth-library`\n> 2. Then use it like this:\n>    ```javascript\n>    import { OAuth2Client } from \"google-auth-library\";\n>    \n>    // Initialize OAuth client\n>    const oAuth2Client = new OAuth2Client(CLIENT_ID, CLIENT_SECRET, REDIRECT_URI);\n>    \n>    // Generate authorization URL\n>    const authorizeUrl = oAuth2Client.generateAuthUrl({\n>      access_type: \"offline\",\n>      prompt: \"consent\",\n>      scope: [\"https://mail.google.com/\"],  // Full Gmail access\n>    });\n>    \n>    // After receiving the code from the callback:\n>    const { tokens } = await oAuth2Client.getToken(code);\n>    const refreshToken = tokens.refresh_token;\n>    ```\n\n2. Run the script with Node.js:\n\n   ```bash\n   node oauth2-refresh-token-helper.js\n   ```\n\n3. The script supports the following command-line options:\n   ```\n   --port, -p     Port to run the server on (default: 8080 or PORT env var)\n   --id, -i       Google OAuth Client ID\n   --secret, -s   Google OAuth Client Secret\n   --output, -o   Output file to save the refresh token (default: refresh_token.txt)\n   --help, -h     Show help information\n   ```\n\n4. You can either provide your credentials as command-line arguments or set them as environment variables:\n   ```bash\n   # Using environment variables\n   export CLIENT_ID=your_client_id\n   export CLIENT_SECRET=your_client_secret\n   node oauth2-refresh-token-helper.js\n\n   # Using command-line arguments\n   node oauth2-refresh-token-helper.js --id=your_client_id --secret=your_client_secret\n   ```\n\n5. The script will:\n   - Start a local web server\n   - Open your browser to the OAuth consent page\n   - Receive the authorization code\n   - Exchange the code for tokens\n   - Save the refresh token to a file (default: `refresh_token.txt`)\n   - Display the refresh token in your browser\n\n6. **Important**: The redirect URI in the script (`http://localhost:8080/oauth/callback` by default) **MUST** match exactly what you configured in the Google Cloud Console OAuth client settings.\n\n7. The script automatically requests the appropriate scope for Gmail access (`https://mail.google.com/`) and sets the authorization parameters to always receive a refresh token (`access_type: \"offline\"` and `prompt: \"consent\"`).\n\n##### Step 4: Configure the Firestore Send Email Extension\n\nWhen installing the extension, select \"OAuth2\" as the **Authentication Type** and provide the following parameters:\n\n- **OAuth2 SMTP Host**: `smtp.gmail.com` (for Gmail)\n- **OAuth2 SMTP Port**: `465` (for SMTPS) or `587` (for STARTTLS)\n- **Use Secure OAuth2 Connection**: `true` (for port 465) or `false` (for port 587)\n- **OAuth2 Client ID**: Your Client ID from GCP\n- **OAuth2 Client Secret**: Your Client Secret from GCP\n- **OAuth2 Refresh Token**: The refresh token generated in Step 3\n- **SMTP User**: Your full Gmail email address\n\nLeave `Use secure OAuth2 connection?` as the default value `true`.\n\n##### Troubleshooting\n\n###### Refresh Token Expiration\n\n- **Testing Status**: If your OAuth consent screen is in \"Testing\" status, refresh tokens expire after 7 days unless User Type is set to \"Internal\"\n- **Solution**: Either publish your app or ensure User Type is set to \"Internal\" in the OAuth consent screen settings\n\n###### No Refresh Token Received\n\n- **Problem**: If you don't receive a refresh token during the OAuth flow\n- **Solution**: Make sure you've revoked previous access or forced consent by going to [Google Account Security](https://myaccount.google.com/security) > Third-party apps with account access\n\n###### Scope Issues\n\n- **Problem**: If you see authentication errors, you might not have the correct scopes\n- **Solution**: Ensure you've added `https://mail.google.com/` as a scope in the OAuth consent screen\n\n###### Additional Resources\n\n- [Google OAuth2 Documentation](https://developers.google.com/identity/protocols/oauth2)\n- [Nodemailer OAuth2 Guide](https://nodemailer.com/smtp/oauth2/)\n- [Firebase Extensions Documentation](https://firebase.google.com/docs/extensions)\n\n#### Automatic Deletion of Email Documents\n\nTo use Firestore's TTL feature for automatic deletion of expired email documents, the extension provides several configuration parameters.\n\nThe extension will set a TTL field in the email documents, but you will need to manually configure a TTL policy for the collection/collection group the extension targets, on the `delivery.expireAt` field.\n\nDetailed instructions for creating a TTL field can be found in the [Firestore TTL Policy documentation](https://firebase.google.com/docs/firestore/ttl).\n\n#### Billing\nTo install an extension, your project must be on the [Blaze (pay as you go) plan](https://firebase.google.com/pricing)\n\n- This extension uses other Firebase and Google Cloud Platform services, which have associated charges if you exceed the service’s no-cost tier:\n  - Cloud Firestore\n  - Cloud Functions (Node.js 10+ runtime. [See FAQs](https://firebase.google.com/support/faq#extensions-pricing))\n\nUsage of this extension also requires you to have SMTP credentials for mail delivery. You are responsible for any associated costs with your usage of your SMTP provider.\n\n#### Further reading & resources\n\nYou can find more information about this extension in the following articles:\n\n- [Sending Emails Using Firestore And Firebase Extensions](https://invertase.link/Y6Nu)\n\n\n\n**Configuration Parameters:**\n\n* Authentication Type: The authentication type to be used for the SMTP server (e.g., OAuth2, Username & Password.\n\n* SMTP connection URI: A URI representing an SMTP server this extension can use to deliver email. Note that port 25 is blocked by Google Cloud Platform, so we recommend using port 587 for SMTP connections. If you're using the SMTPS protocol, we recommend using port 465. In order to keep passwords secure, it is recommended to omit the password from the connection string while using the `SMTP Password` field for entering secrets and passwords. Passwords and secrets should now be included in `SMTP password` field.\nSecure format:\n `smtps://username@gmail.com@smtp.gmail.com:465` (username only)\n `smtps://smtp.gmail.com:465` (No username and password)\nBackwards Compatible (less secure):\n `smtps://username@gmail.com:password@smtp.gmail.com:465`. (username and\npassword)\n\n* SMTP password: User password for the SMTP server\n\n* OAuth2 SMTP Host: The OAuth2 hostname of the SMTP server (e.g., smtp.gmail.com).\n\n* OAuth2 SMTP Port: The OAuth2 port number for the SMTP server (e.g., 465 for SMTPS, 587 for STARTTLS).\n\n* Use secure OAuth2 connection?: Set to true to enable a secure connection (TLS/SSL) when using OAuth2 authentication for the SMTP server.\n\n* OAuth2 Client ID: The OAuth2 Client ID for authentication with the SMTP server.\n\n* OAuth2 Client Secret: The OAuth2 Client Secret for authentication with the SMTP server.\n\n* OAuth2 Refresh Token: The OAuth2 Refresh Token for authentication with the SMTP server.\n\n* OAuth2 SMTP User: The OAuth2 user email or username for SMTP authentication.\n\n* Email documents collection: What is the path to the collection that contains the documents used to build and send the emails?\n\n* Default FROM address: The email address to use as the sender's address (if it's not specified in the added email document). You can optionally include a name with the email address (`Friendly Firebaser <foobar@example.com>`). This parameter does not work with [Gmail SMTP](https://nodemailer.com/usage/using-gmail/).\n\n* Default REPLY-TO address: The email address to use as the reply-to address (if it's not specified in the added email document).\n\n* Users collection: A collection of documents keyed by user UID. If the `toUids`, `ccUids`, and/or `bccUids` recipient options are used in the added email document, this extension delivers email to the `email` field based on lookups in this collection.\n\n* Templates collection: A collection of email templates keyed by name. This extension can render an email using a [Handlebar](https://handlebarsjs.com/) template, it's recommended to use triple curly braces `{{{  }}}` in your Handlebars templates when the substitution value is a URL or otherwise sensitive to HTML escaping.\n\n* Firestore TTL type: Do you want the firestore records to be marked with an expireAt field for a TTL policy? If \"Never\" is selected then no expireAt field will be added. Otherwise you may specify the unit of time specified by the TTL_EXPIRE_VALUE parameter. Defaults to \"Never\".\n\n* Firestore TTL value: In the units specified by TTL_EXPIRE_TYPE, how long do you want records to be ineligible for deletion by a TTL policy? This parameter requires the Firestore TTL type parameter to be set to a value other than `Never`. For example, if `Firestore TTL type` is set to `Day` then setting this parameter to `1` will specify a TTL of 1 day.\n\n* TLS Options: A JSON value representing TLS options. For more information, see https://nodejs.org/api/tls.html#tls_class_tls_tlssocket\n\n\n\n**Cloud Functions:**\n\n* **processQueue:** Processes document changes in the specified Cloud Firestore collection, delivers emails, and updates the document with delivery status information.\n\n\n\n**Access Required**:\n\n\n\nThis extension will operate with the following project IAM roles:\n\n* datastore.user (Reason: Allows this extension to access Cloud Firestore to read and process added email documents.)\n","displayName":"Trigger Email from Firestore","events":[{"type":"firebase.extensions.firestore-send-email.v1.onStart","description":"Occurs when the extension starts execution."},{"type":"firebase.extensions.firestore-send-email.v1.onProcessing","description":"Occurs when the extension attempts to process an email."},{"type":"firebase.extensions.firestore-send-email.v1.onRetry","description":"Occurs when the extension attempts to resend an email."},{"type":"firebase.extensions.firestore-send-email.v1.onPending","description":"Occurs when an email has a pending status."},{"type":"firebase.extensions.firestore-send-email.v1.onSuccess","description":"Occurs when the extension successfully sends an email."},{"type":"firebase.extensions.firestore-send-email.v1.onComplete","description":"Occurs when the extension completes execution."},{"type":"firebase.extensions.firestore-send-email.v1.onError","description":"Occurs when the extension fails to complete execution."}]},"fetchTime":"2025-03-03T09:55:04.205794Z","lastOperationName":"projects/firebaseextensions/operations/321e5d05-b53d-48d8-8d8a-a4648421067b","state":"ACTIVE"},"params":{"DEFAULT_FROM":"globtherapist@gmail.com","TTL_EXPIRE_TYPE":"day","TTL_EXPIRE_VALUE":"1","AUTH_TYPE":"UsernamePassword","SMTP_CONNECTION_URI":"smtps://globtherapist@gmail.com:ukqmydjbxiakybbn@smtp.gmail.com:465","OAUTH_PORT":"465","OAUTH_SECURE":"true","MAIL_COLLECTION":"mail"},"populatedPostinstallContent":"### See it in action\n\nYou can test out this extension right away!\n\n1.  Go to your [Cloud Firestore dashboard](https://console.firebase.google.com/project/globtherapist/firestore/data) in the Firebase console.\n\n1.  If it doesn't already exist, create the collection you specified during installation: `mail`.\n\n1.  Add a document with a `to` field and a `message` field with the following content:\n\n    ```js\n    to: ['someone@example.com'],\n    message: {\n      subject: 'Hello from Firebase!',\n      text: 'This is the plaintext section of the email body.',\n      html: 'This is the <code>HTML</code> section of the email body.',\n    }\n    ```\n\n1.  In a few seconds, you'll see a `delivery` field appear in the document. The field will update as the extension processes the email.\n\n**Note:** You can also use the [Firebase Admin SDK][admin_sdk] to add a document:\n\n```js\nadmin\n  .firestore()\n  .collection(\"mail\")\n  .add({\n    to: \"someone@example.com\",\n    message: {\n      subject: \"Hello from Firebase!\",\n      text: \"This is the plaintext section of the email body.\",\n      html: \"This is the <code>HTML</code> section of the email body.\",\n    },\n  })\n  .then(() => console.log(\"Queued email for delivery!\"));\n```\n\n### Using this extension\n\nSee the [official documentation](https://firebase.google.com/docs/extensions/official/firestore-send-email) for information on using this extension, including advanced use cases such as using Handlebars templates and managing email delivery status.\n\n#### Firestore-Send-Email: SendGrid Categories\n\nWhen using SendGrid (`SMTP_CONNECTION_URI` includes `sendgrid.net`), you can assign categories to your emails.\n\n## Example JSON with Categories:\n```json\n{\n  \"to\": [\"example@example.com\"],\n  \"categories\": [\"Example_Category\"],\n  \"message\": {\n    \"subject\": \"Test Email with Categories\",\n    \"text\": \"This is a test email to see if categories work.\",\n    \"html\": \"<strong>This is a test email to see if categories work.</strong>\"\n  }\n}\n```\n\nAdd this document to the Firestore mail collection to send categorized emails.\n\nFor more details, see the [SendGrid Categories documentation](https://docs.sendgrid.com/ui/sending-email/categories).\n\n### Automatic Deletion of Email Documents\n\nTo use Firestore's TTL feature for automatic deletion of expired email documents, the extension provides several configuration parameters.\n\nThe extension will set a TTL field in the email documents, but you will need to manually configure a TTL policy for the collection/collection group the extension targets, on the `delivery.expireAt` field.\n\nDetailed instructions for creating a TTL field can be found in the [Firestore TTL Policy documentation](https://firebase.google.com/docs/firestore/ttl).\n\n\n### Monitoring\n\nAs a best practice, you can [monitor the activity](https://firebase.google.com/docs/extensions/manage-installed-extensions#monitor) of your installed extension, including checks on its health, usage, and logs.\n\n[mail_collection]: https://console.firebase.google.com/project/_/firestore/data~2Fmail\n[admin_sdk]: https://firebase.google.com/docs/admin/setup\n[amp4email]: https://amp.dev/documentation/guides-and-tutorials/learn/email-spec/amp-email-format/\n[handlebars]: https://handlebarsjs.com/\n\n### Further reading & resources\n\nYou can find more information about this extension in the following articles:\n\n- [Sending Emails Using Firestore And Firebase Extensions](https://invertase.link/Y6Nu)","extensionRef":"firebase/firestore-send-email","extensionVersion":"0.1.37","systemParams":{"firebaseextensions.v1beta.function/minInstances":"0","firebaseextensions.v1beta.function/location":"us-central1","firebaseextensions.v1beta.function/memory":"256","firebaseextensions.v1beta.function/vpcConnectorEgressSettings":"VPC_CONNECTOR_EGRESS_SETTINGS_UNSPECIFIED"}},"lastOperationName":"projects/globtherapist/operations/2f2759d3-2d66-4045-a329-b94d48180018","serviceAccountEmail":"ext-firestore-send-email@globtherapist.iam.gserviceaccount.com","lastOperationType":"CONFIGURE","etag":"a60e3d2246cfb2e0d25d49947c686227ccdc065d818d6d6a76d1af9d24776a46"}]}
[info] i  functions: preparing functions directory for uploading... 
[info] i  functions: packaged C:\Users\benze\Documents\GitHub\globtherapist\functions (78.48 KB) for uploading 
[debug] [2025-04-08T01:52:09.309Z] Checked if tokens are valid: true, expires at: 1744078590050
[debug] [2025-04-08T01:52:09.309Z] Checked if tokens are valid: true, expires at: 1744078590050
[debug] [2025-04-08T01:52:09.309Z] >>> [apiv2][query] GET https://cloudfunctions.googleapis.com/v1/projects/globtherapist/locations/-/functions [none]
[debug] [2025-04-08T01:52:10.051Z] <<< [apiv2][status] GET https://cloudfunctions.googleapis.com/v1/projects/globtherapist/locations/-/functions 200
[debug] [2025-04-08T01:52:10.051Z] <<< [apiv2][body] GET https://cloudfunctions.googleapis.com/v1/projects/globtherapist/locations/-/functions {"functions":[{"name":"projects/globtherapist/locations/us-central1/functions/ext-firestore-send-email-processQueue","description":"Processes document changes in the specified Cloud Firestore collection, delivers emails, and updates the document with delivery status information.","sourceArchiveUrl":"gs://firebase-mod-sources-prod/254b48d99524889d2d5e57540999ab849b3ca410d64e6fcc4ed1929b3195ba13","eventTrigger":{"eventType":"providers/cloud.firestore/eventTypes/document.write","resource":"projects/globtherapist/databases/(default)/documents/mail/{id}","service":"firestore.googleapis.com","failurePolicy":{}},"status":"ACTIVE","entryPoint":"processQueue","timeout":"60s","availableMemoryMb":256,"serviceAccountEmail":"ext-firestore-send-email@globtherapist.iam.gserviceaccount.com","updateTime":"2025-04-07T17:17:18.214Z","versionId":"2","labels":{"firebase-extensions-ar":"enabled","goog-dm":"firebase-ext-firestore-send-email","goog-firebase-ext":"firestore-send-email","deployment-tool":"firebase-extensions","goog-firebase-ext-iid":"firestore-send-email"},"environmentVariables":{"AUTH_TYPE":"UsernamePassword","DATABASE_INSTANCE":"globtherapist-default-rtdb","DATABASE_URL":"https://globtherapist-default-rtdb.firebaseio.com","DEFAULT_FROM":"globtherapist@gmail.com","EXT_INSTANCE_ID":"firestore-send-email","FIREBASE_CONFIG":"{\"projectId\":\"globtherapist\",\"databaseURL\":\"https://globtherapist-default-rtdb.firebaseio.com\",\"storageBucket\":\"globtherapist.firebasestorage.app\"}","GCLOUD_PROJECT":"globtherapist","LOCATION":"us-central1","MAIL_COLLECTION":"mail","OAUTH_PORT":"465","OAUTH_SECURE":"true","PROJECT_ID":"globtherapist","SMTP_CONNECTION_URI":"smtps://globtherapist@gmail.com:ukqmydjbxiakybbn@smtp.gmail.com:465","STORAGE_BUCKET":"globtherapist.firebasestorage.app","TTL_EXPIRE_TYPE":"day","TTL_EXPIRE_VALUE":"1"},"runtime":"nodejs20","maxInstances":3000,"ingressSettings":"ALLOW_INTERNAL_ONLY","buildId":"91a3b6a1-92ee-4ead-ae46-741c49056f5a","buildEnvironmentVariables":{"GOOGLE_NODE_RUN_SCRIPTS":""},"buildName":"projects/269370944595/locations/us-central1/builds/91a3b6a1-92ee-4ead-ae46-741c49056f5a","dockerRegistry":"ARTIFACT_REGISTRY","automaticUpdatePolicy":{},"buildServiceAccount":"projects/globtherapist/serviceAccounts/269370944595-compute@developer.gserviceaccount.com"}]}
[debug] [2025-04-08T01:52:10.052Z] Checked if tokens are valid: true, expires at: 1744078590050
[debug] [2025-04-08T01:52:10.052Z] Checked if tokens are valid: true, expires at: 1744078590050
[debug] [2025-04-08T01:52:10.052Z] >>> [apiv2][query] GET https://cloudfunctions.googleapis.com/v2/projects/globtherapist/locations/-/functions filter=environment%3D%22GEN_2%22
[debug] [2025-04-08T01:52:10.587Z] <<< [apiv2][status] GET https://cloudfunctions.googleapis.com/v2/projects/globtherapist/locations/-/functions 200
[debug] [2025-04-08T01:52:10.587Z] <<< [apiv2][body] GET https://cloudfunctions.googleapis.com/v2/projects/globtherapist/locations/-/functions {"functions":[{"name":"projects/globtherapist/locations/us-central1/functions/createAgoraChatToken","buildConfig":{"build":"projects/269370944595/locations/us-central1/builds/1cb1df66-0ed0-4cde-bf00-44b19b45b0af","runtime":"nodejs20","entryPoint":"createAgoraChatToken","source":{"storageSource":{"bucket":"gcf-v2-sources-269370944595-us-central1","object":"createAgoraChatToken/function-source.zip","generation":"1744069944697472"}},"environmentVariables":{"GOOGLE_NODE_RUN_SCRIPTS":""},"dockerRepository":"projects/globtherapist/locations/us-central1/repositories/gcf-artifacts","serviceAccount":"projects/globtherapist/serviceAccounts/269370944595-compute@developer.gserviceaccount.com","automaticUpdatePolicy":{}},"serviceConfig":{"service":"projects/globtherapist/locations/us-central1/services/createagorachattoken","timeoutSeconds":60,"environmentVariables":{"FIREBASE_CONFIG":"{\"projectId\":\"globtherapist\",\"databaseURL\":\"https://globtherapist-default-rtdb.firebaseio.com\",\"storageBucket\":\"globtherapist.firebasestorage.app\"}","GCLOUD_PROJECT":"globtherapist","EVENTARC_CLOUD_EVENT_SOURCE":"projects/globtherapist/locations/us-central1/services/createAgoraChatToken","FUNCTION_TARGET":"createAgoraChatToken","LOG_EXECUTION_ID":"true","AGORA_APP_ID":"bff78fc26c24440cbbffe260a9d5ec7d","AGORA_APP_CERTIFICATE":"ba57a0ec1acc43c7ad6da62d4889ddea","AGORA_CHAT_APP_KEY":"411303755#1502723","FUNCTION_SIGNATURE_TYPE":"http"},"maxInstanceCount":3,"ingressSettings":"ALLOW_ALL","uri":"https://createagorachattoken-urhvlvvavq-uc.a.run.app","serviceAccountEmail":"269370944595-compute@developer.gserviceaccount.com","availableMemory":"256Mi","allTrafficOnLatestRevision":true,"revision":"createagorachattoken-00014-zuk","maxInstanceRequestConcurrency":80,"availableCpu":"1"},"state":"ACTIVE","updateTime":"2025-04-07T23:53:18.883563877Z","labels":{"deployment-tool":"cli-firebase","firebase-functions-hash":"0cec8baf6198fab5cd1cabfc24920a600eff7251"},"environment":"GEN_2","url":"https://us-central1-globtherapist.cloudfunctions.net/createAgoraChatToken","createTime":"2025-03-05T22:24:23.597047965Z","satisfiesPzi":true},{"name":"projects/globtherapist/locations/us-central1/functions/createPreference","buildConfig":{"build":"projects/269370944595/locations/us-central1/builds/1cb1df66-0ed0-4cde-bf00-44b19b45b0af","runtime":"nodejs20","entryPoint":"createPreference","source":{"storageSource":{"bucket":"gcf-v2-sources-269370944595-us-central1","object":"createPreference/function-source.zip","generation":"1744069994360683"}},"environmentVariables":{"GOOGLE_NODE_RUN_SCRIPTS":""},"dockerRepository":"projects/globtherapist/locations/us-central1/repositories/gcf-artifacts","serviceAccount":"projects/globtherapist/serviceAccounts/269370944595-compute@developer.gserviceaccount.com","automaticUpdatePolicy":{}},"serviceConfig":{"service":"projects/globtherapist/locations/us-central1/services/createpreference","timeoutSeconds":60,"environmentVariables":{"FIREBASE_CONFIG":"{\"projectId\":\"globtherapist\",\"databaseURL\":\"https://globtherapist-default-rtdb.firebaseio.com\",\"storageBucket\":\"globtherapist.firebasestorage.app\"}","GCLOUD_PROJECT":"globtherapist","EVENTARC_CLOUD_EVENT_SOURCE":"projects/globtherapist/locations/us-central1/services/createPreference","FUNCTION_TARGET":"createPreference","LOG_EXECUTION_ID":"true","FUNCTION_SIGNATURE_TYPE":"http"},"maxInstanceCount":3,"ingressSettings":"ALLOW_ALL","serviceAccountEmail":"269370944595-compute@developer.gserviceaccount.com","availableMemory":"256Mi","allTrafficOnLatestRevision":true,"revision":"createpreference-00001-bud","maxInstanceRequestConcurrency":80,"availableCpu":"1"},"state":"ACTIVE","updateTime":"2025-04-07T23:53:22.401212106Z","labels":{"firebase-functions-hash":"0cec8baf6198fab5cd1cabfc24920a600eff7251","deployment-tool":"cli-firebase"},"environment":"GEN_2","url":"https://us-central1-globtherapist.cloudfunctions.net/createPreference","createTime":"2025-04-07T23:46:27.597107464Z","satisfiesPzi":true},{"name":"projects/globtherapist/locations/us-central1/functions/createAgoraToken","buildConfig":{"build":"projects/269370944595/locations/us-central1/builds/1cb1df66-0ed0-4cde-bf00-44b19b45b0af","runtime":"nodejs20","entryPoint":"createAgoraToken","source":{"storageSource":{"bucket":"gcf-v2-sources-269370944595-us-central1","object":"createAgoraToken/function-source.zip","generation":"1744069994176538"}},"environmentVariables":{"GOOGLE_NODE_RUN_SCRIPTS":""},"dockerRepository":"projects/globtherapist/locations/us-central1/repositories/gcf-artifacts","serviceAccount":"projects/globtherapist/serviceAccounts/269370944595-compute@developer.gserviceaccount.com","automaticUpdatePolicy":{}},"serviceConfig":{"service":"projects/globtherapist/locations/us-central1/services/createagoratoken","timeoutSeconds":60,"environmentVariables":{"FIREBASE_CONFIG":"{\"projectId\":\"globtherapist\",\"databaseURL\":\"https://globtherapist-default-rtdb.firebaseio.com\",\"storageBucket\":\"globtherapist.firebasestorage.app\"}","GCLOUD_PROJECT":"globtherapist","EVENTARC_CLOUD_EVENT_SOURCE":"projects/globtherapist/locations/us-central1/services/createAgoraToken","FUNCTION_TARGET":"createAgoraToken","LOG_EXECUTION_ID":"true","AGORA_APP_ID":"bff78fc26c24440cbbffe260a9d5ec7d","AGORA_APP_CERTIFICATE":"ba57a0ec1acc43c7ad6da62d4889ddea","AGORA_CHAT_APP_KEY":"411303755#1502723","CHAT_APP_CERTIFICATE":"411303755","FUNCTION_SIGNATURE_TYPE":"http"},"maxInstanceCount":3,"ingressSettings":"ALLOW_ALL","uri":"https://createagoratoken-urhvlvvavq-uc.a.run.app","serviceAccountEmail":"269370944595-compute@developer.gserviceaccount.com","availableMemory":"256Mi","allTrafficOnLatestRevision":true,"revision":"createagoratoken-00050-zoc","maxInstanceRequestConcurrency":80,"availableCpu":"1"},"state":"ACTIVE","updateTime":"2025-04-07T23:53:22.614670538Z","labels":{"deployment-tool":"cli-firebase","firebase-functions-hash":"0cec8baf6198fab5cd1cabfc24920a600eff7251"},"environment":"GEN_2","url":"https://us-central1-globtherapist.cloudfunctions.net/createAgoraToken","createTime":"2025-02-27T16:25:47.535328022Z","satisfiesPzi":true}]}
[info] i  functions: ensuring required API run.googleapis.com is enabled... 
[debug] [2025-04-08T01:52:10.597Z] Checked if tokens are valid: true, expires at: 1744078590050
[debug] [2025-04-08T01:52:10.597Z] Checked if tokens are valid: true, expires at: 1744078590050
[info] i  functions: ensuring required API eventarc.googleapis.com is enabled... 
[debug] [2025-04-08T01:52:10.598Z] Checked if tokens are valid: true, expires at: 1744078590050
[debug] [2025-04-08T01:52:10.598Z] Checked if tokens are valid: true, expires at: 1744078590050
[info] i  functions: ensuring required API pubsub.googleapis.com is enabled... 
[debug] [2025-04-08T01:52:10.599Z] Checked if tokens are valid: true, expires at: 1744078590050
[debug] [2025-04-08T01:52:10.599Z] Checked if tokens are valid: true, expires at: 1744078590050
[info] i  functions: ensuring required API storage.googleapis.com is enabled... 
[debug] [2025-04-08T01:52:10.600Z] Checked if tokens are valid: true, expires at: 1744078590050
[debug] [2025-04-08T01:52:10.600Z] Checked if tokens are valid: true, expires at: 1744078590050
[debug] [2025-04-08T01:52:10.600Z] >>> [apiv2][query] GET https://serviceusage.googleapis.com/v1/projects/globtherapist/services/run.googleapis.com [none]
[debug] [2025-04-08T01:52:10.600Z] >>> [apiv2][(partial)header] GET https://serviceusage.googleapis.com/v1/projects/globtherapist/services/run.googleapis.com x-goog-quota-user=projects/globtherapist
[debug] [2025-04-08T01:52:10.601Z] >>> [apiv2][query] GET https://serviceusage.googleapis.com/v1/projects/globtherapist/services/eventarc.googleapis.com [none]
[debug] [2025-04-08T01:52:10.601Z] >>> [apiv2][(partial)header] GET https://serviceusage.googleapis.com/v1/projects/globtherapist/services/eventarc.googleapis.com x-goog-quota-user=projects/globtherapist
[debug] [2025-04-08T01:52:10.605Z] >>> [apiv2][query] GET https://serviceusage.googleapis.com/v1/projects/globtherapist/services/pubsub.googleapis.com [none]
[debug] [2025-04-08T01:52:10.605Z] >>> [apiv2][(partial)header] GET https://serviceusage.googleapis.com/v1/projects/globtherapist/services/pubsub.googleapis.com x-goog-quota-user=projects/globtherapist
[debug] [2025-04-08T01:52:10.609Z] >>> [apiv2][query] GET https://serviceusage.googleapis.com/v1/projects/globtherapist/services/storage.googleapis.com [none]
[debug] [2025-04-08T01:52:10.609Z] >>> [apiv2][(partial)header] GET https://serviceusage.googleapis.com/v1/projects/globtherapist/services/storage.googleapis.com x-goog-quota-user=projects/globtherapist
[debug] [2025-04-08T01:52:11.227Z] <<< [apiv2][status] GET https://serviceusage.googleapis.com/v1/projects/globtherapist/services/run.googleapis.com 200
[debug] [2025-04-08T01:52:11.227Z] <<< [apiv2][body] GET https://serviceusage.googleapis.com/v1/projects/globtherapist/services/run.googleapis.com [omitted]
[info] +  functions: required API run.googleapis.com is enabled 
[debug] [2025-04-08T01:52:11.235Z] <<< [apiv2][status] GET https://serviceusage.googleapis.com/v1/projects/globtherapist/services/eventarc.googleapis.com 200
[debug] [2025-04-08T01:52:11.235Z] <<< [apiv2][body] GET https://serviceusage.googleapis.com/v1/projects/globtherapist/services/eventarc.googleapis.com [omitted]
[info] +  functions: required API eventarc.googleapis.com is enabled 
[debug] [2025-04-08T01:52:11.307Z] <<< [apiv2][status] GET https://serviceusage.googleapis.com/v1/projects/globtherapist/services/pubsub.googleapis.com 200
[debug] [2025-04-08T01:52:11.307Z] <<< [apiv2][body] GET https://serviceusage.googleapis.com/v1/projects/globtherapist/services/pubsub.googleapis.com [omitted]
[info] +  functions: required API pubsub.googleapis.com is enabled 
[debug] [2025-04-08T01:52:11.322Z] <<< [apiv2][status] GET https://serviceusage.googleapis.com/v1/projects/globtherapist/services/storage.googleapis.com 200
[debug] [2025-04-08T01:52:11.322Z] <<< [apiv2][body] GET https://serviceusage.googleapis.com/v1/projects/globtherapist/services/storage.googleapis.com [omitted]
[info] +  functions: required API storage.googleapis.com is enabled 
[info] i  functions: generating the service identity for pubsub.googleapis.com... 
[debug] [2025-04-08T01:52:11.324Z] Checked if tokens are valid: true, expires at: 1744078590050
[debug] [2025-04-08T01:52:11.325Z] Checked if tokens are valid: true, expires at: 1744078590050
[info] i  functions: generating the service identity for eventarc.googleapis.com... 
[debug] [2025-04-08T01:52:11.326Z] Checked if tokens are valid: true, expires at: 1744078590050
[debug] [2025-04-08T01:52:11.326Z] Checked if tokens are valid: true, expires at: 1744078590050
[debug] [2025-04-08T01:52:11.326Z] >>> [apiv2][query] POST https://serviceusage.googleapis.com/v1beta1/projects/269370944595/services/pubsub.googleapis.com:generateServiceIdentity [none]
[debug] [2025-04-08T01:52:11.328Z] >>> [apiv2][query] POST https://serviceusage.googleapis.com/v1beta1/projects/269370944595/services/eventarc.googleapis.com:generateServiceIdentity [none]
[debug] [2025-04-08T01:52:11.757Z] <<< [apiv2][status] POST https://serviceusage.googleapis.com/v1beta1/projects/269370944595/services/eventarc.googleapis.com:generateServiceIdentity 200
[debug] [2025-04-08T01:52:11.757Z] <<< [apiv2][body] POST https://serviceusage.googleapis.com/v1beta1/projects/269370944595/services/eventarc.googleapis.com:generateServiceIdentity {"name":"operations/finished.DONE_OPERATION","done":true,"response":{"@type":"type.googleapis.com/google.api.serviceusage.v1beta1.ServiceIdentity","email":"service-269370944595@gcp-sa-eventarc.iam.gserviceaccount.com","uniqueId":"103000660409808122448"}}
[debug] [2025-04-08T01:52:11.999Z] <<< [apiv2][status] POST https://serviceusage.googleapis.com/v1beta1/projects/269370944595/services/pubsub.googleapis.com:generateServiceIdentity 200
[debug] [2025-04-08T01:52:11.999Z] <<< [apiv2][body] POST https://serviceusage.googleapis.com/v1beta1/projects/269370944595/services/pubsub.googleapis.com:generateServiceIdentity {"name":"operations/finished.DONE_OPERATION","done":true,"response":{"@type":"type.googleapis.com/google.api.serviceusage.v1beta1.ServiceIdentity","email":"service-269370944595@gcp-sa-pubsub.iam.gserviceaccount.com","uniqueId":"101596481911880466171"}}
[debug] [2025-04-08T01:52:12.002Z] Checked if tokens are valid: true, expires at: 1744078590050
[debug] [2025-04-08T01:52:12.002Z] Checked if tokens are valid: true, expires at: 1744078590050
[debug] [2025-04-08T01:52:12.002Z] >>> [apiv2][query] GET https://cloudresourcemanager.googleapis.com/v1/projects/globtherapist [none]
[debug] [2025-04-08T01:52:12.155Z] <<< [apiv2][status] GET https://cloudresourcemanager.googleapis.com/v1/projects/globtherapist 200
[debug] [2025-04-08T01:52:12.155Z] <<< [apiv2][body] GET https://cloudresourcemanager.googleapis.com/v1/projects/globtherapist {"projectNumber":"269370944595","projectId":"globtherapist","lifecycleState":"ACTIVE","name":"GLOBTHERAPIST","labels":{"firebase":"enabled","firebase-core":"disabled"},"createTime":"2024-12-27T23:28:24.859693Z"}
[debug] [2025-04-08T01:52:12.156Z] Checked if tokens are valid: true, expires at: 1744078590050
[debug] [2025-04-08T01:52:12.156Z] Checked if tokens are valid: true, expires at: 1744078590050
[debug] [2025-04-08T01:52:12.157Z] >>> [apiv2][query] GET https://cloudbilling.googleapis.com/v1/projects/globtherapist/billingInfo [none]
[debug] [2025-04-08T01:52:12.506Z] <<< [apiv2][status] GET https://cloudbilling.googleapis.com/v1/projects/globtherapist/billingInfo 200
[debug] [2025-04-08T01:52:12.506Z] <<< [apiv2][body] GET https://cloudbilling.googleapis.com/v1/projects/globtherapist/billingInfo {"name":"projects/globtherapist/billingInfo","projectId":"globtherapist","billingAccountName":"billingAccounts/01E538-BF3373-093FC3","billingEnabled":true}
[debug] [2025-04-08T01:52:12.508Z] [functions] found 1 new HTTP functions, testing setIamPolicy permission...
[debug] [2025-04-08T01:52:12.508Z] Checked if tokens are valid: true, expires at: 1744078590050
[debug] [2025-04-08T01:52:12.508Z] Checked if tokens are valid: true, expires at: 1744078590050
[debug] [2025-04-08T01:52:12.508Z] >>> [apiv2][query] POST https://cloudresourcemanager.googleapis.com/v1/projects/globtherapist:testIamPermissions [none]
[debug] [2025-04-08T01:52:12.508Z] >>> [apiv2][(partial)header] POST https://cloudresourcemanager.googleapis.com/v1/projects/globtherapist:testIamPermissions x-goog-quota-user=projects/globtherapist
[debug] [2025-04-08T01:52:12.508Z] >>> [apiv2][body] POST https://cloudresourcemanager.googleapis.com/v1/projects/globtherapist:testIamPermissions {"permissions":["cloudfunctions.functions.setIamPolicy"]}
[debug] [2025-04-08T01:52:12.616Z] <<< [apiv2][status] POST https://cloudresourcemanager.googleapis.com/v1/projects/globtherapist:testIamPermissions 200
[debug] [2025-04-08T01:52:12.616Z] <<< [apiv2][body] POST https://cloudresourcemanager.googleapis.com/v1/projects/globtherapist:testIamPermissions {"permissions":["cloudfunctions.functions.setIamPolicy"]}
[debug] [2025-04-08T01:52:12.616Z] [functions] found setIamPolicy permission, proceeding with deploy
[debug] [2025-04-08T01:52:12.617Z] Checked if tokens are valid: true, expires at: 1744078590050
[debug] [2025-04-08T01:52:12.617Z] Checked if tokens are valid: true, expires at: 1744078590050
[debug] [2025-04-08T01:52:12.618Z] >>> [apiv2][query] POST https://cloudfunctions.googleapis.com/v2/projects/globtherapist/locations/us-central1/functions:generateUploadUrl [none]
[debug] [2025-04-08T01:52:12.907Z] <<< [apiv2][status] POST https://cloudfunctions.googleapis.com/v2/projects/globtherapist/locations/us-central1/functions:generateUploadUrl 200
[debug] [2025-04-08T01:52:12.908Z] <<< [apiv2][body] POST https://cloudfunctions.googleapis.com/v2/projects/globtherapist/locations/us-central1/functions:generateUploadUrl {"uploadUrl":"https://storage.googleapis.com/gcf-v2-uploads-269370944595.us-central1.cloudfunctions.appspot.com/1d6d2499-b034-4f30-9f50-07b7288fcc6a.zip?GoogleAccessId=service-269370944595@gcf-admin-robot.iam.gserviceaccount.com&Expires=1744078933&Signature=LY%2BmEo%2BQJIsS1amOydXODhDwHmCzvaa4Ln9gjElQg8OMcnALjYp%2FN5PxwP3CSYvMc%2FO6dTYRqzohM6xE3jo%2B2CAUkiQRpvPoheezE%2BOlYEcpWwgPdrJdH3xUshPFnVRcuwTSNlIzcD3%2FC7N1irUPtBlCgqqKbrTnYyGoJWj6g2AgFHxabm87L5C0DrC4shnEhPQM2mlDNmt9yFKVrWoKf0xmGRv%2B7RfxmOBPo6vNOfxWg5udm6BCrKzMfk8crh99n9fZyY8icg%2FNjOZFXmcdmw7Bd8GX0n3fJGJCPL963SLf1SUSe7uIfOgn3vk2LHfn5sDoxPEdYCMoeP0I5bBdrg%3D%3D","storageSource":{"bucket":"gcf-v2-uploads-269370944595.us-central1.cloudfunctions.appspot.com","object":"1d6d2499-b034-4f30-9f50-07b7288fcc6a.zip"}}
[debug] [2025-04-08T01:52:12.909Z] >>> [apiv2][query] PUT https://storage.googleapis.com/gcf-v2-uploads-269370944595.us-central1.cloudfunctions.appspot.com/1d6d2499-b034-4f30-9f50-07b7288fcc6a.zip GoogleAccessId=service-269370944595%40gcf-admin-robot.iam.gserviceaccount.com&Expires=1744078933&Signature=LY%2BmEo%2BQJIsS1amOydXODhDwHmCzvaa4Ln9gjElQg8OMcnALjYp%2FN5PxwP3CSYvMc%2FO6dTYRqzohM6xE3jo%2B2CAUkiQRpvPoheezE%2BOlYEcpWwgPdrJdH3xUshPFnVRcuwTSNlIzcD3%2FC7N1irUPtBlCgqqKbrTnYyGoJWj6g2AgFHxabm87L5C0DrC4shnEhPQM2mlDNmt9yFKVrWoKf0xmGRv%2B7RfxmOBPo6vNOfxWg5udm6BCrKzMfk8crh99n9fZyY8icg%2FNjOZFXmcdmw7Bd8GX0n3fJGJCPL963SLf1SUSe7uIfOgn3vk2LHfn5sDoxPEdYCMoeP0I5bBdrg%3D%3D
[debug] [2025-04-08T01:52:12.909Z] >>> [apiv2][body] PUT https://storage.googleapis.com/gcf-v2-uploads-269370944595.us-central1.cloudfunctions.appspot.com/1d6d2499-b034-4f30-9f50-07b7288fcc6a.zip [stream]
[debug] [2025-04-08T01:52:13.401Z] <<< [apiv2][status] PUT https://storage.googleapis.com/gcf-v2-uploads-269370944595.us-central1.cloudfunctions.appspot.com/1d6d2499-b034-4f30-9f50-07b7288fcc6a.zip 200
[debug] [2025-04-08T01:52:13.401Z] <<< [apiv2][body] PUT https://storage.googleapis.com/gcf-v2-uploads-269370944595.us-central1.cloudfunctions.appspot.com/1d6d2499-b034-4f30-9f50-07b7288fcc6a.zip [omitted]
[info] +  functions: functions folder uploaded successfully 
[info] 
The following functions are found in your project but do not exist in your local source code:
	createAgoraChatToken(us-central1)
	createAgoraToken(us-central1)
	createPreference(us-central1)

If you are renaming a function or changing its region, it is recommended that you create the new function first before deleting the old one to prevent event loss. For more info, visit https://firebase.google.com/docs/functions/manage-functions#modify

[info] i  functions: creating Node.js 20 (2nd Gen) function api(us-central1)... 
[debug] [2025-04-08T01:52:47.143Z] Checked if tokens are valid: true, expires at: 1744078590050
[debug] [2025-04-08T01:52:47.143Z] Checked if tokens are valid: true, expires at: 1744078590050
[debug] [2025-04-08T01:52:47.143Z] >>> [apiv2][query] POST https://cloudfunctions.googleapis.com/v2/projects/globtherapist/locations/us-central1/functions functionId=api
[debug] [2025-04-08T01:52:47.144Z] >>> [apiv2][body] POST https://cloudfunctions.googleapis.com/v2/projects/globtherapist/locations/us-central1/functions {"name":"projects/globtherapist/locations/us-central1/functions/api","buildConfig":{"runtime":"nodejs20","entryPoint":"api","source":{"storageSource":{"bucket":"gcf-v2-uploads-269370944595.us-central1.cloudfunctions.appspot.com","object":"1d6d2499-b034-4f30-9f50-07b7288fcc6a.zip"}},"environmentVariables":{"GOOGLE_NODE_RUN_SCRIPTS":""}},"serviceConfig":{"environmentVariables":{"FIREBASE_CONFIG":"{\"projectId\":\"globtherapist\",\"databaseURL\":\"https://globtherapist-default-rtdb.firebaseio.com\",\"storageBucket\":\"globtherapist.firebasestorage.app\"}","GCLOUD_PROJECT":"globtherapist","EVENTARC_CLOUD_EVENT_SOURCE":"projects/globtherapist/locations/us-central1/services/api","FUNCTION_TARGET":"api"},"ingressSettings":null,"timeoutSeconds":null,"serviceAccountEmail":null,"availableMemory":"256Mi","minInstanceCount":null,"maxInstanceCount":null,"maxInstanceRequestConcurrency":80,"availableCpu":"1","vpcConnector":null,"vpcConnectorEgressSettings":null},"labels":{"deployment-tool":"cli-firebase","firebase-functions-hash":"8a697f5be0f8035a0b12086967bf84825e8406b7"}}
[debug] [2025-04-08T01:52:48.025Z] <<< [apiv2][status] POST https://cloudfunctions.googleapis.com/v2/projects/globtherapist/locations/us-central1/functions 200
[debug] [2025-04-08T01:52:48.025Z] <<< [apiv2][body] POST https://cloudfunctions.googleapis.com/v2/projects/globtherapist/locations/us-central1/functions {"name":"projects/globtherapist/locations/us-central1/operations/operation-1744077168019-6323a9c0f894d-3fb5fb95-5f11a6da","metadata":{"@type":"type.googleapis.com/google.cloud.functions.v2.OperationMetadata","createTime":"2025-04-08T01:52:48.565346837Z","target":"projects/globtherapist/locations/us-central1/functions/api","verb":"create","cancelRequested":false,"apiVersion":"v2"},"done":false}
[debug] [2025-04-08T01:52:48.028Z] Checked if tokens are valid: true, expires at: 1744078590050
[debug] [2025-04-08T01:52:48.028Z] Checked if tokens are valid: true, expires at: 1744078590050
[debug] [2025-04-08T01:52:48.029Z] >>> [apiv2][query] GET https://cloudfunctions.googleapis.com/v2/projects/globtherapist/locations/us-central1/operations/operation-1744077168019-6323a9c0f894d-3fb5fb95-5f11a6da [none]
[debug] [2025-04-08T01:52:48.268Z] <<< [apiv2][status] GET https://cloudfunctions.googleapis.com/v2/projects/globtherapist/locations/us-central1/operations/operation-1744077168019-6323a9c0f894d-3fb5fb95-5f11a6da 200
[debug] [2025-04-08T01:52:48.269Z] <<< [apiv2][body] GET https://cloudfunctions.googleapis.com/v2/projects/globtherapist/locations/us-central1/operations/operation-1744077168019-6323a9c0f894d-3fb5fb95-5f11a6da {"name":"projects/globtherapist/locations/us-central1/operations/operation-1744077168019-6323a9c0f894d-3fb5fb95-5f11a6da","metadata":{"@type":"type.googleapis.com/google.cloud.functions.v2.OperationMetadata","createTime":"2025-04-08T01:52:48.565346837Z","target":"projects/globtherapist/locations/us-central1/functions/api","verb":"create","cancelRequested":false,"apiVersion":"v2","requestResource":{"@type":"type.googleapis.com/google.cloud.functions.v2.Function","name":"projects/globtherapist/locations/us-central1/functions/api","buildConfig":{"runtime":"nodejs20","entryPoint":"api","source":{"storageSource":{"bucket":"gcf-v2-sources-269370944595-us-central1","object":"api/function-source.zip","generation":"1744077168275404"}},"environmentVariables":{"GOOGLE_NODE_RUN_SCRIPTS":""},"serviceAccount":"projects/globtherapist/serviceAccounts/269370944595-compute@developer.gserviceaccount.com","automaticUpdatePolicy":{}},"serviceConfig":{"service":"projects/globtherapist/locations/us-central1/services/api","timeoutSeconds":60,"environmentVariables":{"FIREBASE_CONFIG":"{\"projectId\":\"globtherapist\",\"databaseURL\":\"https://globtherapist-default-rtdb.firebaseio.com\",\"storageBucket\":\"globtherapist.firebasestorage.app\"}","GCLOUD_PROJECT":"globtherapist","EVENTARC_CLOUD_EVENT_SOURCE":"projects/globtherapist/locations/us-central1/services/api","FUNCTION_TARGET":"api","LOG_EXECUTION_ID":"true"},"ingressSettings":"ALLOW_ALL","serviceAccountEmail":"269370944595-compute@developer.gserviceaccount.com","availableMemory":"256Mi","maxInstanceRequestConcurrency":80,"availableCpu":"1"},"labels":{"deployment-tool":"cli-firebase","firebase-functions-hash":"8a697f5be0f8035a0b12086967bf84825e8406b7"},"environment":"GEN_2"},"stages":[{"name":"BUILD","state":"NOT_STARTED"},{"name":"SERVICE","state":"NOT_STARTED"}],"operationType":"CREATE_FUNCTION"},"done":false}
[debug] [2025-04-08T01:52:48.785Z] [create-default-us-central1-api] Retrying task index 0
[debug] [2025-04-08T01:52:48.786Z] Checked if tokens are valid: true, expires at: 1744078590050
[debug] [2025-04-08T01:52:48.786Z] Checked if tokens are valid: true, expires at: 1744078590050
[debug] [2025-04-08T01:52:48.786Z] >>> [apiv2][query] GET https://cloudfunctions.googleapis.com/v2/projects/globtherapist/locations/us-central1/operations/operation-1744077168019-6323a9c0f894d-3fb5fb95-5f11a6da [none]
[debug] [2025-04-08T01:52:49.004Z] <<< [apiv2][status] GET https://cloudfunctions.googleapis.com/v2/projects/globtherapist/locations/us-central1/operations/operation-1744077168019-6323a9c0f894d-3fb5fb95-5f11a6da 200
[debug] [2025-04-08T01:52:49.004Z] <<< [apiv2][body] GET https://cloudfunctions.googleapis.com/v2/projects/globtherapist/locations/us-central1/operations/operation-1744077168019-6323a9c0f894d-3fb5fb95-5f11a6da {"name":"projects/globtherapist/locations/us-central1/operations/operation-1744077168019-6323a9c0f894d-3fb5fb95-5f11a6da","metadata":{"@type":"type.googleapis.com/google.cloud.functions.v2.OperationMetadata","createTime":"2025-04-08T01:52:48.565346837Z","target":"projects/globtherapist/locations/us-central1/functions/api","verb":"create","cancelRequested":false,"apiVersion":"v2","requestResource":{"@type":"type.googleapis.com/google.cloud.functions.v2.Function","name":"projects/globtherapist/locations/us-central1/functions/api","buildConfig":{"runtime":"nodejs20","entryPoint":"api","source":{"storageSource":{"bucket":"gcf-v2-sources-269370944595-us-central1","object":"api/function-source.zip","generation":"1744077168275404"}},"environmentVariables":{"GOOGLE_NODE_RUN_SCRIPTS":""},"serviceAccount":"projects/globtherapist/serviceAccounts/269370944595-compute@developer.gserviceaccount.com","automaticUpdatePolicy":{}},"serviceConfig":{"service":"projects/globtherapist/locations/us-central1/services/api","timeoutSeconds":60,"environmentVariables":{"FIREBASE_CONFIG":"{\"projectId\":\"globtherapist\",\"databaseURL\":\"https://globtherapist-default-rtdb.firebaseio.com\",\"storageBucket\":\"globtherapist.firebasestorage.app\"}","GCLOUD_PROJECT":"globtherapist","EVENTARC_CLOUD_EVENT_SOURCE":"projects/globtherapist/locations/us-central1/services/api","FUNCTION_TARGET":"api","LOG_EXECUTION_ID":"true"},"ingressSettings":"ALLOW_ALL","serviceAccountEmail":"269370944595-compute@developer.gserviceaccount.com","availableMemory":"256Mi","maxInstanceRequestConcurrency":80,"availableCpu":"1"},"labels":{"deployment-tool":"cli-firebase","firebase-functions-hash":"8a697f5be0f8035a0b12086967bf84825e8406b7"},"environment":"GEN_2"},"stages":[{"name":"BUILD","message":"Build in progress","state":"IN_PROGRESS","resource":"projects/269370944595/locations/us-central1/builds/ed61d4fe-ea6c-411c-b568-b48c720a6410","resourceUri":"https://console.cloud.google.com/cloud-build/builds;region=us-central1/ed61d4fe-ea6c-411c-b568-b48c720a6410?project=269370944595"},{"name":"SERVICE","state":"NOT_STARTED"}],"operationType":"CREATE_FUNCTION","buildName":"projects/269370944595/locations/us-central1/builds/ed61d4fe-ea6c-411c-b568-b48c720a6410"},"done":false}
[debug] [2025-04-08T01:52:50.016Z] [create-default-us-central1-api] Retrying task index 0
[debug] [2025-04-08T01:52:50.017Z] Checked if tokens are valid: true, expires at: 1744078590050
[debug] [2025-04-08T01:52:50.017Z] Checked if tokens are valid: true, expires at: 1744078590050
[debug] [2025-04-08T01:52:50.017Z] >>> [apiv2][query] GET https://cloudfunctions.googleapis.com/v2/projects/globtherapist/locations/us-central1/operations/operation-1744077168019-6323a9c0f894d-3fb5fb95-5f11a6da [none]
[debug] [2025-04-08T01:52:50.122Z] <<< [apiv2][status] GET https://cloudfunctions.googleapis.com/v2/projects/globtherapist/locations/us-central1/operations/operation-1744077168019-6323a9c0f894d-3fb5fb95-5f11a6da 200
[debug] [2025-04-08T01:52:50.122Z] <<< [apiv2][body] GET https://cloudfunctions.googleapis.com/v2/projects/globtherapist/locations/us-central1/operations/operation-1744077168019-6323a9c0f894d-3fb5fb95-5f11a6da {"name":"projects/globtherapist/locations/us-central1/operations/operation-1744077168019-6323a9c0f894d-3fb5fb95-5f11a6da","metadata":{"@type":"type.googleapis.com/google.cloud.functions.v2.OperationMetadata","createTime":"2025-04-08T01:52:48.565346837Z","target":"projects/globtherapist/locations/us-central1/functions/api","verb":"create","cancelRequested":false,"apiVersion":"v2","requestResource":{"@type":"type.googleapis.com/google.cloud.functions.v2.Function","name":"projects/globtherapist/locations/us-central1/functions/api","buildConfig":{"runtime":"nodejs20","entryPoint":"api","source":{"storageSource":{"bucket":"gcf-v2-sources-269370944595-us-central1","object":"api/function-source.zip","generation":"1744077168275404"}},"environmentVariables":{"GOOGLE_NODE_RUN_SCRIPTS":""},"serviceAccount":"projects/globtherapist/serviceAccounts/269370944595-compute@developer.gserviceaccount.com","automaticUpdatePolicy":{}},"serviceConfig":{"service":"projects/globtherapist/locations/us-central1/services/api","timeoutSeconds":60,"environmentVariables":{"FIREBASE_CONFIG":"{\"projectId\":\"globtherapist\",\"databaseURL\":\"https://globtherapist-default-rtdb.firebaseio.com\",\"storageBucket\":\"globtherapist.firebasestorage.app\"}","GCLOUD_PROJECT":"globtherapist","EVENTARC_CLOUD_EVENT_SOURCE":"projects/globtherapist/locations/us-central1/services/api","FUNCTION_TARGET":"api","LOG_EXECUTION_ID":"true"},"ingressSettings":"ALLOW_ALL","serviceAccountEmail":"269370944595-compute@developer.gserviceaccount.com","availableMemory":"256Mi","maxInstanceRequestConcurrency":80,"availableCpu":"1"},"labels":{"deployment-tool":"cli-firebase","firebase-functions-hash":"8a697f5be0f8035a0b12086967bf84825e8406b7"},"environment":"GEN_2"},"stages":[{"name":"BUILD","message":"Build in progress","state":"IN_PROGRESS","resource":"projects/269370944595/locations/us-central1/builds/ed61d4fe-ea6c-411c-b568-b48c720a6410","resourceUri":"https://console.cloud.google.com/cloud-build/builds;region=us-central1/ed61d4fe-ea6c-411c-b568-b48c720a6410?project=269370944595"},{"name":"SERVICE","state":"NOT_STARTED"}],"operationType":"CREATE_FUNCTION","buildName":"projects/269370944595/locations/us-central1/builds/ed61d4fe-ea6c-411c-b568-b48c720a6410"},"done":false}
[debug] [2025-04-08T01:52:52.134Z] [create-default-us-central1-api] Retrying task index 0
[debug] [2025-04-08T01:52:52.134Z] Checked if tokens are valid: true, expires at: 1744078590050
[debug] [2025-04-08T01:52:52.134Z] Checked if tokens are valid: true, expires at: 1744078590050
[debug] [2025-04-08T01:52:52.134Z] >>> [apiv2][query] GET https://cloudfunctions.googleapis.com/v2/projects/globtherapist/locations/us-central1/operations/operation-1744077168019-6323a9c0f894d-3fb5fb95-5f11a6da [none]
[debug] [2025-04-08T01:52:52.371Z] <<< [apiv2][status] GET https://cloudfunctions.googleapis.com/v2/projects/globtherapist/locations/us-central1/operations/operation-1744077168019-6323a9c0f894d-3fb5fb95-5f11a6da 200
[debug] [2025-04-08T01:52:52.371Z] <<< [apiv2][body] GET https://cloudfunctions.googleapis.com/v2/projects/globtherapist/locations/us-central1/operations/operation-1744077168019-6323a9c0f894d-3fb5fb95-5f11a6da {"name":"projects/globtherapist/locations/us-central1/operations/operation-1744077168019-6323a9c0f894d-3fb5fb95-5f11a6da","metadata":{"@type":"type.googleapis.com/google.cloud.functions.v2.OperationMetadata","createTime":"2025-04-08T01:52:48.565346837Z","target":"projects/globtherapist/locations/us-central1/functions/api","verb":"create","cancelRequested":false,"apiVersion":"v2","requestResource":{"@type":"type.googleapis.com/google.cloud.functions.v2.Function","name":"projects/globtherapist/locations/us-central1/functions/api","buildConfig":{"runtime":"nodejs20","entryPoint":"api","source":{"storageSource":{"bucket":"gcf-v2-sources-269370944595-us-central1","object":"api/function-source.zip","generation":"1744077168275404"}},"environmentVariables":{"GOOGLE_NODE_RUN_SCRIPTS":""},"serviceAccount":"projects/globtherapist/serviceAccounts/269370944595-compute@developer.gserviceaccount.com","automaticUpdatePolicy":{}},"serviceConfig":{"service":"projects/globtherapist/locations/us-central1/services/api","timeoutSeconds":60,"environmentVariables":{"FIREBASE_CONFIG":"{\"projectId\":\"globtherapist\",\"databaseURL\":\"https://globtherapist-default-rtdb.firebaseio.com\",\"storageBucket\":\"globtherapist.firebasestorage.app\"}","GCLOUD_PROJECT":"globtherapist","EVENTARC_CLOUD_EVENT_SOURCE":"projects/globtherapist/locations/us-central1/services/api","FUNCTION_TARGET":"api","LOG_EXECUTION_ID":"true"},"ingressSettings":"ALLOW_ALL","serviceAccountEmail":"269370944595-compute@developer.gserviceaccount.com","availableMemory":"256Mi","maxInstanceRequestConcurrency":80,"availableCpu":"1"},"labels":{"deployment-tool":"cli-firebase","firebase-functions-hash":"8a697f5be0f8035a0b12086967bf84825e8406b7"},"environment":"GEN_2"},"stages":[{"name":"BUILD","message":"Build in progress","state":"IN_PROGRESS","resource":"projects/269370944595/locations/us-central1/builds/ed61d4fe-ea6c-411c-b568-b48c720a6410","resourceUri":"https://console.cloud.google.com/cloud-build/builds;region=us-central1/ed61d4fe-ea6c-411c-b568-b48c720a6410?project=269370944595"},{"name":"SERVICE","state":"NOT_STARTED"}],"operationType":"CREATE_FUNCTION","buildName":"projects/269370944595/locations/us-central1/builds/ed61d4fe-ea6c-411c-b568-b48c720a6410"},"done":false}
[debug] [2025-04-08T01:52:56.375Z] [create-default-us-central1-api] Retrying task index 0
[debug] [2025-04-08T01:52:56.375Z] Checked if tokens are valid: true, expires at: 1744078590050
[debug] [2025-04-08T01:52:56.375Z] Checked if tokens are valid: true, expires at: 1744078590050
[debug] [2025-04-08T01:52:56.376Z] >>> [apiv2][query] GET https://cloudfunctions.googleapis.com/v2/projects/globtherapist/locations/us-central1/operations/operation-1744077168019-6323a9c0f894d-3fb5fb95-5f11a6da [none]
[debug] [2025-04-08T01:52:56.590Z] <<< [apiv2][status] GET https://cloudfunctions.googleapis.com/v2/projects/globtherapist/locations/us-central1/operations/operation-1744077168019-6323a9c0f894d-3fb5fb95-5f11a6da 200
[debug] [2025-04-08T01:52:56.590Z] <<< [apiv2][body] GET https://cloudfunctions.googleapis.com/v2/projects/globtherapist/locations/us-central1/operations/operation-1744077168019-6323a9c0f894d-3fb5fb95-5f11a6da {"name":"projects/globtherapist/locations/us-central1/operations/operation-1744077168019-6323a9c0f894d-3fb5fb95-5f11a6da","metadata":{"@type":"type.googleapis.com/google.cloud.functions.v2.OperationMetadata","createTime":"2025-04-08T01:52:48.565346837Z","target":"projects/globtherapist/locations/us-central1/functions/api","verb":"create","cancelRequested":false,"apiVersion":"v2","requestResource":{"@type":"type.googleapis.com/google.cloud.functions.v2.Function","name":"projects/globtherapist/locations/us-central1/functions/api","buildConfig":{"runtime":"nodejs20","entryPoint":"api","source":{"storageSource":{"bucket":"gcf-v2-sources-269370944595-us-central1","object":"api/function-source.zip","generation":"1744077168275404"}},"environmentVariables":{"GOOGLE_NODE_RUN_SCRIPTS":""},"serviceAccount":"projects/globtherapist/serviceAccounts/269370944595-compute@developer.gserviceaccount.com","automaticUpdatePolicy":{}},"serviceConfig":{"service":"projects/globtherapist/locations/us-central1/services/api","timeoutSeconds":60,"environmentVariables":{"FIREBASE_CONFIG":"{\"projectId\":\"globtherapist\",\"databaseURL\":\"https://globtherapist-default-rtdb.firebaseio.com\",\"storageBucket\":\"globtherapist.firebasestorage.app\"}","GCLOUD_PROJECT":"globtherapist","EVENTARC_CLOUD_EVENT_SOURCE":"projects/globtherapist/locations/us-central1/services/api","FUNCTION_TARGET":"api","LOG_EXECUTION_ID":"true"},"ingressSettings":"ALLOW_ALL","serviceAccountEmail":"269370944595-compute@developer.gserviceaccount.com","availableMemory":"256Mi","maxInstanceRequestConcurrency":80,"availableCpu":"1"},"labels":{"deployment-tool":"cli-firebase","firebase-functions-hash":"8a697f5be0f8035a0b12086967bf84825e8406b7"},"environment":"GEN_2"},"stages":[{"name":"BUILD","message":"Build in progress","state":"IN_PROGRESS","resource":"projects/269370944595/locations/us-central1/builds/ed61d4fe-ea6c-411c-b568-b48c720a6410","resourceUri":"https://console.cloud.google.com/cloud-build/builds;region=us-central1/ed61d4fe-ea6c-411c-b568-b48c720a6410?project=269370944595"},{"name":"SERVICE","state":"NOT_STARTED"}],"operationType":"CREATE_FUNCTION","buildName":"projects/269370944595/locations/us-central1/builds/ed61d4fe-ea6c-411c-b568-b48c720a6410"},"done":false}
[debug] [2025-04-08T01:53:04.596Z] [create-default-us-central1-api] Retrying task index 0
[debug] [2025-04-08T01:53:04.597Z] Checked if tokens are valid: true, expires at: 1744078590050
[debug] [2025-04-08T01:53:04.597Z] Checked if tokens are valid: true, expires at: 1744078590050
[debug] [2025-04-08T01:53:04.597Z] >>> [apiv2][query] GET https://cloudfunctions.googleapis.com/v2/projects/globtherapist/locations/us-central1/operations/operation-1744077168019-6323a9c0f894d-3fb5fb95-5f11a6da [none]
[debug] [2025-04-08T01:53:04.901Z] <<< [apiv2][status] GET https://cloudfunctions.googleapis.com/v2/projects/globtherapist/locations/us-central1/operations/operation-1744077168019-6323a9c0f894d-3fb5fb95-5f11a6da 200
[debug] [2025-04-08T01:53:04.902Z] <<< [apiv2][body] GET https://cloudfunctions.googleapis.com/v2/projects/globtherapist/locations/us-central1/operations/operation-1744077168019-6323a9c0f894d-3fb5fb95-5f11a6da {"name":"projects/globtherapist/locations/us-central1/operations/operation-1744077168019-6323a9c0f894d-3fb5fb95-5f11a6da","metadata":{"@type":"type.googleapis.com/google.cloud.functions.v2.OperationMetadata","createTime":"2025-04-08T01:52:48.565346837Z","target":"projects/globtherapist/locations/us-central1/functions/api","verb":"create","cancelRequested":false,"apiVersion":"v2","requestResource":{"@type":"type.googleapis.com/google.cloud.functions.v2.Function","name":"projects/globtherapist/locations/us-central1/functions/api","buildConfig":{"runtime":"nodejs20","entryPoint":"api","source":{"storageSource":{"bucket":"gcf-v2-sources-269370944595-us-central1","object":"api/function-source.zip","generation":"1744077168275404"}},"environmentVariables":{"GOOGLE_NODE_RUN_SCRIPTS":""},"serviceAccount":"projects/globtherapist/serviceAccounts/269370944595-compute@developer.gserviceaccount.com","automaticUpdatePolicy":{}},"serviceConfig":{"service":"projects/globtherapist/locations/us-central1/services/api","timeoutSeconds":60,"environmentVariables":{"FIREBASE_CONFIG":"{\"projectId\":\"globtherapist\",\"databaseURL\":\"https://globtherapist-default-rtdb.firebaseio.com\",\"storageBucket\":\"globtherapist.firebasestorage.app\"}","GCLOUD_PROJECT":"globtherapist","EVENTARC_CLOUD_EVENT_SOURCE":"projects/globtherapist/locations/us-central1/services/api","FUNCTION_TARGET":"api","LOG_EXECUTION_ID":"true"},"ingressSettings":"ALLOW_ALL","serviceAccountEmail":"269370944595-compute@developer.gserviceaccount.com","availableMemory":"256Mi","maxInstanceRequestConcurrency":80,"availableCpu":"1"},"labels":{"deployment-tool":"cli-firebase","firebase-functions-hash":"8a697f5be0f8035a0b12086967bf84825e8406b7"},"environment":"GEN_2"},"stages":[{"name":"BUILD","message":"Build in progress","state":"IN_PROGRESS","resource":"projects/269370944595/locations/us-central1/builds/ed61d4fe-ea6c-411c-b568-b48c720a6410","resourceUri":"https://console.cloud.google.com/cloud-build/builds;region=us-central1/ed61d4fe-ea6c-411c-b568-b48c720a6410?project=269370944595"},{"name":"SERVICE","state":"NOT_STARTED"}],"operationType":"CREATE_FUNCTION","buildName":"projects/269370944595/locations/us-central1/builds/ed61d4fe-ea6c-411c-b568-b48c720a6410"},"done":false}
[debug] [2025-04-08T01:53:14.909Z] [create-default-us-central1-api] Retrying task index 0
[debug] [2025-04-08T01:53:14.909Z] Checked if tokens are valid: true, expires at: 1744078590050
[debug] [2025-04-08T01:53:14.909Z] Checked if tokens are valid: true, expires at: 1744078590050
[debug] [2025-04-08T01:53:14.909Z] >>> [apiv2][query] GET https://cloudfunctions.googleapis.com/v2/projects/globtherapist/locations/us-central1/operations/operation-1744077168019-6323a9c0f894d-3fb5fb95-5f11a6da [none]
[debug] [2025-04-08T01:53:15.214Z] <<< [apiv2][status] GET https://cloudfunctions.googleapis.com/v2/projects/globtherapist/locations/us-central1/operations/operation-1744077168019-6323a9c0f894d-3fb5fb95-5f11a6da 200
[debug] [2025-04-08T01:53:15.215Z] <<< [apiv2][body] GET https://cloudfunctions.googleapis.com/v2/projects/globtherapist/locations/us-central1/operations/operation-1744077168019-6323a9c0f894d-3fb5fb95-5f11a6da {"name":"projects/globtherapist/locations/us-central1/operations/operation-1744077168019-6323a9c0f894d-3fb5fb95-5f11a6da","metadata":{"@type":"type.googleapis.com/google.cloud.functions.v2.OperationMetadata","createTime":"2025-04-08T01:52:48.565346837Z","target":"projects/globtherapist/locations/us-central1/functions/api","verb":"create","cancelRequested":false,"apiVersion":"v2","requestResource":{"@type":"type.googleapis.com/google.cloud.functions.v2.Function","name":"projects/globtherapist/locations/us-central1/functions/api","buildConfig":{"runtime":"nodejs20","entryPoint":"api","source":{"storageSource":{"bucket":"gcf-v2-sources-269370944595-us-central1","object":"api/function-source.zip","generation":"1744077168275404"}},"environmentVariables":{"GOOGLE_NODE_RUN_SCRIPTS":""},"serviceAccount":"projects/globtherapist/serviceAccounts/269370944595-compute@developer.gserviceaccount.com","automaticUpdatePolicy":{}},"serviceConfig":{"service":"projects/globtherapist/locations/us-central1/services/api","timeoutSeconds":60,"environmentVariables":{"FIREBASE_CONFIG":"{\"projectId\":\"globtherapist\",\"databaseURL\":\"https://globtherapist-default-rtdb.firebaseio.com\",\"storageBucket\":\"globtherapist.firebasestorage.app\"}","GCLOUD_PROJECT":"globtherapist","EVENTARC_CLOUD_EVENT_SOURCE":"projects/globtherapist/locations/us-central1/services/api","FUNCTION_TARGET":"api","LOG_EXECUTION_ID":"true"},"ingressSettings":"ALLOW_ALL","serviceAccountEmail":"269370944595-compute@developer.gserviceaccount.com","availableMemory":"256Mi","maxInstanceRequestConcurrency":80,"availableCpu":"1"},"labels":{"deployment-tool":"cli-firebase","firebase-functions-hash":"8a697f5be0f8035a0b12086967bf84825e8406b7"},"environment":"GEN_2"},"stages":[{"name":"BUILD","message":"Build in progress","state":"IN_PROGRESS","resource":"projects/269370944595/locations/us-central1/builds/ed61d4fe-ea6c-411c-b568-b48c720a6410","resourceUri":"https://console.cloud.google.com/cloud-build/builds;region=us-central1/ed61d4fe-ea6c-411c-b568-b48c720a6410?project=269370944595"},{"name":"SERVICE","state":"NOT_STARTED"}],"operationType":"CREATE_FUNCTION","buildName":"projects/269370944595/locations/us-central1/builds/ed61d4fe-ea6c-411c-b568-b48c720a6410"},"done":false}
[debug] [2025-04-08T01:53:25.223Z] [create-default-us-central1-api] Retrying task index 0
[debug] [2025-04-08T01:53:25.224Z] Checked if tokens are valid: true, expires at: 1744078590050
[debug] [2025-04-08T01:53:25.224Z] Checked if tokens are valid: true, expires at: 1744078590050
[debug] [2025-04-08T01:53:25.224Z] >>> [apiv2][query] GET https://cloudfunctions.googleapis.com/v2/projects/globtherapist/locations/us-central1/operations/operation-1744077168019-6323a9c0f894d-3fb5fb95-5f11a6da [none]
[debug] [2025-04-08T01:53:25.523Z] <<< [apiv2][status] GET https://cloudfunctions.googleapis.com/v2/projects/globtherapist/locations/us-central1/operations/operation-1744077168019-6323a9c0f894d-3fb5fb95-5f11a6da 200
[debug] [2025-04-08T01:53:25.523Z] <<< [apiv2][body] GET https://cloudfunctions.googleapis.com/v2/projects/globtherapist/locations/us-central1/operations/operation-1744077168019-6323a9c0f894d-3fb5fb95-5f11a6da {"name":"projects/globtherapist/locations/us-central1/operations/operation-1744077168019-6323a9c0f894d-3fb5fb95-5f11a6da","metadata":{"@type":"type.googleapis.com/google.cloud.functions.v2.OperationMetadata","createTime":"2025-04-08T01:52:48.565346837Z","target":"projects/globtherapist/locations/us-central1/functions/api","verb":"create","cancelRequested":false,"apiVersion":"v2","requestResource":{"@type":"type.googleapis.com/google.cloud.functions.v2.Function","name":"projects/globtherapist/locations/us-central1/functions/api","buildConfig":{"runtime":"nodejs20","entryPoint":"api","source":{"storageSource":{"bucket":"gcf-v2-sources-269370944595-us-central1","object":"api/function-source.zip","generation":"1744077168275404"}},"environmentVariables":{"GOOGLE_NODE_RUN_SCRIPTS":""},"serviceAccount":"projects/globtherapist/serviceAccounts/269370944595-compute@developer.gserviceaccount.com","automaticUpdatePolicy":{}},"serviceConfig":{"service":"projects/globtherapist/locations/us-central1/services/api","timeoutSeconds":60,"environmentVariables":{"FIREBASE_CONFIG":"{\"projectId\":\"globtherapist\",\"databaseURL\":\"https://globtherapist-default-rtdb.firebaseio.com\",\"storageBucket\":\"globtherapist.firebasestorage.app\"}","GCLOUD_PROJECT":"globtherapist","EVENTARC_CLOUD_EVENT_SOURCE":"projects/globtherapist/locations/us-central1/services/api","FUNCTION_TARGET":"api","LOG_EXECUTION_ID":"true"},"ingressSettings":"ALLOW_ALL","serviceAccountEmail":"269370944595-compute@developer.gserviceaccount.com","availableMemory":"256Mi","maxInstanceRequestConcurrency":80,"availableCpu":"1"},"labels":{"deployment-tool":"cli-firebase","firebase-functions-hash":"8a697f5be0f8035a0b12086967bf84825e8406b7"},"environment":"GEN_2"},"stages":[{"name":"BUILD","message":"Build in progress","state":"IN_PROGRESS","resource":"projects/269370944595/locations/us-central1/builds/ed61d4fe-ea6c-411c-b568-b48c720a6410","resourceUri":"https://console.cloud.google.com/cloud-build/builds;region=us-central1/ed61d4fe-ea6c-411c-b568-b48c720a6410?project=269370944595"},{"name":"SERVICE","state":"NOT_STARTED"}],"operationType":"CREATE_FUNCTION","buildName":"projects/269370944595/locations/us-central1/builds/ed61d4fe-ea6c-411c-b568-b48c720a6410"},"done":false}
[debug] [2025-04-08T01:53:35.523Z] [create-default-us-central1-api] Retrying task index 0
[debug] [2025-04-08T01:53:35.524Z] Checked if tokens are valid: true, expires at: 1744078590050
[debug] [2025-04-08T01:53:35.524Z] Checked if tokens are valid: true, expires at: 1744078590050
[debug] [2025-04-08T01:53:35.524Z] >>> [apiv2][query] GET https://cloudfunctions.googleapis.com/v2/projects/globtherapist/locations/us-central1/operations/operation-1744077168019-6323a9c0f894d-3fb5fb95-5f11a6da [none]
[debug] [2025-04-08T01:53:35.806Z] <<< [apiv2][status] GET https://cloudfunctions.googleapis.com/v2/projects/globtherapist/locations/us-central1/operations/operation-1744077168019-6323a9c0f894d-3fb5fb95-5f11a6da 200
[debug] [2025-04-08T01:53:35.807Z] <<< [apiv2][body] GET https://cloudfunctions.googleapis.com/v2/projects/globtherapist/locations/us-central1/operations/operation-1744077168019-6323a9c0f894d-3fb5fb95-5f11a6da {"name":"projects/globtherapist/locations/us-central1/operations/operation-1744077168019-6323a9c0f894d-3fb5fb95-5f11a6da","metadata":{"@type":"type.googleapis.com/google.cloud.functions.v2.OperationMetadata","createTime":"2025-04-08T01:52:48.565346837Z","target":"projects/globtherapist/locations/us-central1/functions/api","verb":"create","cancelRequested":false,"apiVersion":"v2","requestResource":{"@type":"type.googleapis.com/google.cloud.functions.v2.Function","name":"projects/globtherapist/locations/us-central1/functions/api","buildConfig":{"runtime":"nodejs20","entryPoint":"api","source":{"storageSource":{"bucket":"gcf-v2-sources-269370944595-us-central1","object":"api/function-source.zip","generation":"1744077168275404"}},"environmentVariables":{"GOOGLE_NODE_RUN_SCRIPTS":""},"serviceAccount":"projects/globtherapist/serviceAccounts/269370944595-compute@developer.gserviceaccount.com","automaticUpdatePolicy":{}},"serviceConfig":{"service":"projects/globtherapist/locations/us-central1/services/api","timeoutSeconds":60,"environmentVariables":{"FIREBASE_CONFIG":"{\"projectId\":\"globtherapist\",\"databaseURL\":\"https://globtherapist-default-rtdb.firebaseio.com\",\"storageBucket\":\"globtherapist.firebasestorage.app\"}","GCLOUD_PROJECT":"globtherapist","EVENTARC_CLOUD_EVENT_SOURCE":"projects/globtherapist/locations/us-central1/services/api","FUNCTION_TARGET":"api","LOG_EXECUTION_ID":"true"},"ingressSettings":"ALLOW_ALL","serviceAccountEmail":"269370944595-compute@developer.gserviceaccount.com","availableMemory":"256Mi","maxInstanceRequestConcurrency":80,"availableCpu":"1"},"labels":{"deployment-tool":"cli-firebase","firebase-functions-hash":"8a697f5be0f8035a0b12086967bf84825e8406b7"},"environment":"GEN_2"},"stages":[{"name":"BUILD","message":"Build in progress","state":"IN_PROGRESS","resource":"projects/269370944595/locations/us-central1/builds/ed61d4fe-ea6c-411c-b568-b48c720a6410","resourceUri":"https://console.cloud.google.com/cloud-build/builds;region=us-central1/ed61d4fe-ea6c-411c-b568-b48c720a6410?project=269370944595"},{"name":"SERVICE","state":"NOT_STARTED"}],"operationType":"CREATE_FUNCTION","buildName":"projects/269370944595/locations/us-central1/builds/ed61d4fe-ea6c-411c-b568-b48c720a6410"},"done":false}
[debug] [2025-04-08T01:53:45.822Z] [create-default-us-central1-api] Retrying task index 0
[debug] [2025-04-08T01:53:45.822Z] Checked if tokens are valid: true, expires at: 1744078590050
[debug] [2025-04-08T01:53:45.822Z] Checked if tokens are valid: true, expires at: 1744078590050
[debug] [2025-04-08T01:53:45.823Z] >>> [apiv2][query] GET https://cloudfunctions.googleapis.com/v2/projects/globtherapist/locations/us-central1/operations/operation-1744077168019-6323a9c0f894d-3fb5fb95-5f11a6da [none]
[debug] [2025-04-08T01:53:46.154Z] <<< [apiv2][status] GET https://cloudfunctions.googleapis.com/v2/projects/globtherapist/locations/us-central1/operations/operation-1744077168019-6323a9c0f894d-3fb5fb95-5f11a6da 200
[debug] [2025-04-08T01:53:46.154Z] <<< [apiv2][body] GET https://cloudfunctions.googleapis.com/v2/projects/globtherapist/locations/us-central1/operations/operation-1744077168019-6323a9c0f894d-3fb5fb95-5f11a6da {"name":"projects/globtherapist/locations/us-central1/operations/operation-1744077168019-6323a9c0f894d-3fb5fb95-5f11a6da","metadata":{"@type":"type.googleapis.com/google.cloud.functions.v2.OperationMetadata","createTime":"2025-04-08T01:52:48.565346837Z","target":"projects/globtherapist/locations/us-central1/functions/api","verb":"create","cancelRequested":false,"apiVersion":"v2","requestResource":{"@type":"type.googleapis.com/google.cloud.functions.v2.Function","name":"projects/globtherapist/locations/us-central1/functions/api","buildConfig":{"runtime":"nodejs20","entryPoint":"api","source":{"storageSource":{"bucket":"gcf-v2-sources-269370944595-us-central1","object":"api/function-source.zip","generation":"1744077168275404"}},"environmentVariables":{"GOOGLE_NODE_RUN_SCRIPTS":""},"serviceAccount":"projects/globtherapist/serviceAccounts/269370944595-compute@developer.gserviceaccount.com","automaticUpdatePolicy":{}},"serviceConfig":{"service":"projects/globtherapist/locations/us-central1/services/api","timeoutSeconds":60,"environmentVariables":{"FIREBASE_CONFIG":"{\"projectId\":\"globtherapist\",\"databaseURL\":\"https://globtherapist-default-rtdb.firebaseio.com\",\"storageBucket\":\"globtherapist.firebasestorage.app\"}","GCLOUD_PROJECT":"globtherapist","EVENTARC_CLOUD_EVENT_SOURCE":"projects/globtherapist/locations/us-central1/services/api","FUNCTION_TARGET":"api","LOG_EXECUTION_ID":"true"},"ingressSettings":"ALLOW_ALL","serviceAccountEmail":"269370944595-compute@developer.gserviceaccount.com","availableMemory":"256Mi","maxInstanceRequestConcurrency":80,"availableCpu":"1"},"labels":{"deployment-tool":"cli-firebase","firebase-functions-hash":"8a697f5be0f8035a0b12086967bf84825e8406b7"},"environment":"GEN_2"},"stages":[{"name":"BUILD","message":"Build finished","state":"COMPLETE","resource":"projects/269370944595/locations/us-central1/builds/ed61d4fe-ea6c-411c-b568-b48c720a6410","resourceUri":"https://console.cloud.google.com/cloud-build/builds;region=us-central1/ed61d4fe-ea6c-411c-b568-b48c720a6410?project=269370944595"},{"name":"SERVICE","message":"Creating Cloud Run service","state":"IN_PROGRESS","resource":"projects/globtherapist/locations/us-central1/services/api","resourceUri":"https://console.cloud.google.com/run/detail/us-central1/api?project=globtherapist"}],"sourceToken":"Cldwcm9qZWN0cy8yNjkzNzA5NDQ1OTUvbG9jYXRpb25zL3VzLWNlbnRyYWwxL2J1aWxkcy9lZDYxZDRmZS1lYTZjLTQxMWMtYjU2OC1iNDhjNzIwYTY0MTASYXVzLWNlbnRyYWwxLWRvY2tlci5wa2cuZGV2L2dsb2J0aGVyYXBpc3QvZ2NmLWFydGlmYWN0cy9nbG9idGhlcmFwaXN0X191cy0tY2VudHJhbDFfX2FwaTp2ZXJzaW9uXzEY09iJvusHIjpwcm9qZWN0cy9nbG9idGhlcmFwaXN0L2xvY2F0aW9ucy91cy1jZW50cmFsMS9mdW5jdGlvbnMvYXBpKgwIqYPSvwYQqI2+vAMyCG5vZGVqczIwOnYKI2djci5pby9nYWUtcnVudGltZXMvbm9kZWpzMjA6c3RhYmxlEk91cy1jZW50cmFsMS1kb2NrZXIucGtnLmRldi9zZXJ2ZXJsZXNzLXJ1bnRpbWVzL2dvb2dsZS0yMi1mdWxsL3J1bnRpbWVzL25vZGVqczIwQAE=","operationType":"CREATE_FUNCTION","buildName":"projects/269370944595/locations/us-central1/builds/ed61d4fe-ea6c-411c-b568-b48c720a6410"},"done":false}
[debug] [2025-04-08T01:53:46.155Z] Got source token Cldwcm9qZWN0cy8yNjkzNzA5NDQ1OTUvbG9jYXRpb25zL3VzLWNlbnRyYWwxL2J1aWxkcy9lZDYxZDRmZS1lYTZjLTQxMWMtYjU2OC1iNDhjNzIwYTY0MTASYXVzLWNlbnRyYWwxLWRvY2tlci5wa2cuZGV2L2dsb2J0aGVyYXBpc3QvZ2NmLWFydGlmYWN0cy9nbG9idGhlcmFwaXN0X191cy0tY2VudHJhbDFfX2FwaTp2ZXJzaW9uXzEY09iJvusHIjpwcm9qZWN0cy9nbG9idGhlcmFwaXN0L2xvY2F0aW9ucy91cy1jZW50cmFsMS9mdW5jdGlvbnMvYXBpKgwIqYPSvwYQqI2+vAMyCG5vZGVqczIwOnYKI2djci5pby9nYWUtcnVudGltZXMvbm9kZWpzMjA6c3RhYmxlEk91cy1jZW50cmFsMS1kb2NrZXIucGtnLmRldi9zZXJ2ZXJsZXNzLXJ1bnRpbWVzL2dvb2dsZS0yMi1mdWxsL3J1bnRpbWVzL25vZGVqczIwQAE= for region us-central1
[debug] [2025-04-08T01:53:56.158Z] [create-default-us-central1-api] Retrying task index 0
[debug] [2025-04-08T01:53:56.158Z] Checked if tokens are valid: true, expires at: 1744078590050
[debug] [2025-04-08T01:53:56.158Z] Checked if tokens are valid: true, expires at: 1744078590050
[debug] [2025-04-08T01:53:56.159Z] >>> [apiv2][query] GET https://cloudfunctions.googleapis.com/v2/projects/globtherapist/locations/us-central1/operations/operation-1744077168019-6323a9c0f894d-3fb5fb95-5f11a6da [none]
[debug] [2025-04-08T01:53:56.466Z] <<< [apiv2][status] GET https://cloudfunctions.googleapis.com/v2/projects/globtherapist/locations/us-central1/operations/operation-1744077168019-6323a9c0f894d-3fb5fb95-5f11a6da 200
[debug] [2025-04-08T01:53:56.467Z] <<< [apiv2][body] GET https://cloudfunctions.googleapis.com/v2/projects/globtherapist/locations/us-central1/operations/operation-1744077168019-6323a9c0f894d-3fb5fb95-5f11a6da {"name":"projects/globtherapist/locations/us-central1/operations/operation-1744077168019-6323a9c0f894d-3fb5fb95-5f11a6da","metadata":{"@type":"type.googleapis.com/google.cloud.functions.v2.OperationMetadata","createTime":"2025-04-08T01:52:48.565346837Z","target":"projects/globtherapist/locations/us-central1/functions/api","verb":"create","cancelRequested":false,"apiVersion":"v2","requestResource":{"@type":"type.googleapis.com/google.cloud.functions.v2.Function","name":"projects/globtherapist/locations/us-central1/functions/api","buildConfig":{"runtime":"nodejs20","entryPoint":"api","source":{"storageSource":{"bucket":"gcf-v2-sources-269370944595-us-central1","object":"api/function-source.zip","generation":"1744077168275404"}},"environmentVariables":{"GOOGLE_NODE_RUN_SCRIPTS":""},"serviceAccount":"projects/globtherapist/serviceAccounts/269370944595-compute@developer.gserviceaccount.com","automaticUpdatePolicy":{}},"serviceConfig":{"service":"projects/globtherapist/locations/us-central1/services/api","timeoutSeconds":60,"environmentVariables":{"FIREBASE_CONFIG":"{\"projectId\":\"globtherapist\",\"databaseURL\":\"https://globtherapist-default-rtdb.firebaseio.com\",\"storageBucket\":\"globtherapist.firebasestorage.app\"}","GCLOUD_PROJECT":"globtherapist","EVENTARC_CLOUD_EVENT_SOURCE":"projects/globtherapist/locations/us-central1/services/api","FUNCTION_TARGET":"api","LOG_EXECUTION_ID":"true"},"ingressSettings":"ALLOW_ALL","serviceAccountEmail":"269370944595-compute@developer.gserviceaccount.com","availableMemory":"256Mi","maxInstanceRequestConcurrency":80,"availableCpu":"1"},"labels":{"deployment-tool":"cli-firebase","firebase-functions-hash":"8a697f5be0f8035a0b12086967bf84825e8406b7"},"environment":"GEN_2"},"stages":[{"name":"BUILD","message":"Build finished","state":"COMPLETE","resource":"projects/269370944595/locations/us-central1/builds/ed61d4fe-ea6c-411c-b568-b48c720a6410","resourceUri":"https://console.cloud.google.com/cloud-build/builds;region=us-central1/ed61d4fe-ea6c-411c-b568-b48c720a6410?project=269370944595"},{"name":"SERVICE","message":"Creating Cloud Run service","state":"IN_PROGRESS","resource":"projects/globtherapist/locations/us-central1/services/api","resourceUri":"https://console.cloud.google.com/run/detail/us-central1/api?project=globtherapist"}],"sourceToken":"Cldwcm9qZWN0cy8yNjkzNzA5NDQ1OTUvbG9jYXRpb25zL3VzLWNlbnRyYWwxL2J1aWxkcy9lZDYxZDRmZS1lYTZjLTQxMWMtYjU2OC1iNDhjNzIwYTY0MTASYXVzLWNlbnRyYWwxLWRvY2tlci5wa2cuZGV2L2dsb2J0aGVyYXBpc3QvZ2NmLWFydGlmYWN0cy9nbG9idGhlcmFwaXN0X191cy0tY2VudHJhbDFfX2FwaTp2ZXJzaW9uXzEY09iJvusHIjpwcm9qZWN0cy9nbG9idGhlcmFwaXN0L2xvY2F0aW9ucy91cy1jZW50cmFsMS9mdW5jdGlvbnMvYXBpKgwIqYPSvwYQqI2+vAMyCG5vZGVqczIwOnYKI2djci5pby9nYWUtcnVudGltZXMvbm9kZWpzMjA6c3RhYmxlEk91cy1jZW50cmFsMS1kb2NrZXIucGtnLmRldi9zZXJ2ZXJsZXNzLXJ1bnRpbWVzL2dvb2dsZS0yMi1mdWxsL3J1bnRpbWVzL25vZGVqczIwQAE=","operationType":"CREATE_FUNCTION","buildName":"projects/269370944595/locations/us-central1/builds/ed61d4fe-ea6c-411c-b568-b48c720a6410"},"done":false}
[debug] [2025-04-08T01:53:56.467Z] Got source token Cldwcm9qZWN0cy8yNjkzNzA5NDQ1OTUvbG9jYXRpb25zL3VzLWNlbnRyYWwxL2J1aWxkcy9lZDYxZDRmZS1lYTZjLTQxMWMtYjU2OC1iNDhjNzIwYTY0MTASYXVzLWNlbnRyYWwxLWRvY2tlci5wa2cuZGV2L2dsb2J0aGVyYXBpc3QvZ2NmLWFydGlmYWN0cy9nbG9idGhlcmFwaXN0X191cy0tY2VudHJhbDFfX2FwaTp2ZXJzaW9uXzEY09iJvusHIjpwcm9qZWN0cy9nbG9idGhlcmFwaXN0L2xvY2F0aW9ucy91cy1jZW50cmFsMS9mdW5jdGlvbnMvYXBpKgwIqYPSvwYQqI2+vAMyCG5vZGVqczIwOnYKI2djci5pby9nYWUtcnVudGltZXMvbm9kZWpzMjA6c3RhYmxlEk91cy1jZW50cmFsMS1kb2NrZXIucGtnLmRldi9zZXJ2ZXJsZXNzLXJ1bnRpbWVzL2dvb2dsZS0yMi1mdWxsL3J1bnRpbWVzL25vZGVqczIwQAE= for region us-central1
[debug] [2025-04-08T01:54:06.472Z] [create-default-us-central1-api] Retrying task index 0
[debug] [2025-04-08T01:54:06.472Z] Checked if tokens are valid: true, expires at: 1744078590050
[debug] [2025-04-08T01:54:06.472Z] Checked if tokens are valid: true, expires at: 1744078590050
[debug] [2025-04-08T01:54:06.472Z] >>> [apiv2][query] GET https://cloudfunctions.googleapis.com/v2/projects/globtherapist/locations/us-central1/operations/operation-1744077168019-6323a9c0f894d-3fb5fb95-5f11a6da [none]
[debug] [2025-04-08T01:54:06.757Z] <<< [apiv2][status] GET https://cloudfunctions.googleapis.com/v2/projects/globtherapist/locations/us-central1/operations/operation-1744077168019-6323a9c0f894d-3fb5fb95-5f11a6da 200
[debug] [2025-04-08T01:54:06.757Z] <<< [apiv2][body] GET https://cloudfunctions.googleapis.com/v2/projects/globtherapist/locations/us-central1/operations/operation-1744077168019-6323a9c0f894d-3fb5fb95-5f11a6da {"name":"projects/globtherapist/locations/us-central1/operations/operation-1744077168019-6323a9c0f894d-3fb5fb95-5f11a6da","metadata":{"@type":"type.googleapis.com/google.cloud.functions.v2.OperationMetadata","createTime":"2025-04-08T01:52:48.565346837Z","endTime":"2025-04-08T01:54:02.760653643Z","target":"projects/globtherapist/locations/us-central1/functions/api","verb":"create","cancelRequested":false,"apiVersion":"v2","requestResource":{"@type":"type.googleapis.com/google.cloud.functions.v2.Function","name":"projects/globtherapist/locations/us-central1/functions/api","buildConfig":{"runtime":"nodejs20","entryPoint":"api","source":{"storageSource":{"bucket":"gcf-v2-sources-269370944595-us-central1","object":"api/function-source.zip","generation":"1744077168275404"}},"environmentVariables":{"GOOGLE_NODE_RUN_SCRIPTS":""},"serviceAccount":"projects/globtherapist/serviceAccounts/269370944595-compute@developer.gserviceaccount.com","automaticUpdatePolicy":{}},"serviceConfig":{"service":"projects/globtherapist/locations/us-central1/services/api","timeoutSeconds":60,"environmentVariables":{"FIREBASE_CONFIG":"{\"projectId\":\"globtherapist\",\"databaseURL\":\"https://globtherapist-default-rtdb.firebaseio.com\",\"storageBucket\":\"globtherapist.firebasestorage.app\"}","GCLOUD_PROJECT":"globtherapist","EVENTARC_CLOUD_EVENT_SOURCE":"projects/globtherapist/locations/us-central1/services/api","FUNCTION_TARGET":"api","LOG_EXECUTION_ID":"true"},"ingressSettings":"ALLOW_ALL","serviceAccountEmail":"269370944595-compute@developer.gserviceaccount.com","availableMemory":"256Mi","maxInstanceRequestConcurrency":80,"availableCpu":"1"},"labels":{"deployment-tool":"cli-firebase","firebase-functions-hash":"8a697f5be0f8035a0b12086967bf84825e8406b7"},"environment":"GEN_2"},"stages":[{"name":"ARTIFACT_REGISTRY","message":"Deleting function artifacts in Artifact Registry","state":"COMPLETE"},{"name":"SERVICE","message":"Deleting Cloud Run service","state":"COMPLETE","resource":"projects/globtherapist/locations/us-central1/services/api"}],"operationType":"CREATE_FUNCTION"},"done":true,"error":{"code":3,"message":"Could not create or update Cloud Run service api, Container Healthcheck failed. Revision 'api-00001-qik' is not ready and cannot serve traffic. The user-provided container failed to start and listen on the port defined provided by the PORT=8080 environment variable within the allocated timeout. This can happen when the container port is misconfigured or if the timeout is too short. The health check timeout can be extended. Logs for this revision might contain more information.\n\nLogs URL: https://console.cloud.google.com/logs/viewer?project=globtherapist&resource=cloud_run_revision/service_name/api/revision_name/api-00001-qik&advancedFilter=resource.type%3D%22cloud_run_revision%22%0Aresource.labels.service_name%3D%22api%22%0Aresource.labels.revision_name%3D%22api-00001-qik%22 \nFor more troubleshooting guidance, see https://cloud.google.com/run/docs/troubleshooting#container-failed-to-start"}}
[debug] [2025-04-08T01:54:06.757Z] Got source token undefined for region us-central1
[error] Could not create or update Cloud Run service api, Container Healthcheck failed. Revision 'api-00001-qik' is not ready and cannot serve traffic. The user-provided container failed to start and listen on the port defined provided by the PORT=8080 environment variable within the allocated timeout. This can happen when the container port is misconfigured or if the timeout is too short. The health check timeout can be extended. Logs for this revision might contain more information.

Logs URL: https://console.cloud.google.com/logs/viewer?project=globtherapist&resource=cloud_run_revision/service_name/api/revision_name/api-00001-qik&advancedFilter=resource.type%3D%22cloud_run_revision%22%0Aresource.labels.service_name%3D%22api%22%0Aresource.labels.revision_name%3D%22api-00001-qik%22 
For more troubleshooting guidance, see https://cloud.google.com/run/docs/troubleshooting#container-failed-to-start
[debug] [2025-04-08T01:54:06.766Z] Total Function Deployment time: 79619
[debug] [2025-04-08T01:54:06.766Z] 1 Functions Deployed
[debug] [2025-04-08T01:54:06.766Z] 1 Functions Errored
[debug] [2025-04-08T01:54:06.766Z] 0 Function Deployments Aborted
[debug] [2025-04-08T01:54:06.767Z] Average Function Deployment time: 79618
[info] 
[info] Functions deploy had errors with the following functions:
	api(us-central1)
[debug] [2025-04-08T01:54:06.943Z] Not printing URL for HTTPS function. Typically this means it didn't match a filter or we failed deployment
[info] i  functions: cleaning up build files... 
[debug] [2025-04-08T01:54:06.944Z] Checked if tokens are valid: true, expires at: 1744078590050
[debug] [2025-04-08T01:54:06.944Z] Checked if tokens are valid: true, expires at: 1744078590050
[debug] [2025-04-08T01:54:06.945Z] Checked if tokens are valid: true, expires at: 1744078590050
[debug] [2025-04-08T01:54:06.945Z] Checked if tokens are valid: true, expires at: 1744078590050
[debug] [2025-04-08T01:54:06.945Z] >>> [apiv2][query] DELETE https://artifactregistry.googleapis.com/v1beta2/projects/globtherapist/locations/us-central1/repositories/gcf-artifacts/packages/api [none]
[debug] [2025-04-08T01:54:06.948Z] >>> [apiv2][query] GET https://us.gcr.io/v2/globtherapist/gcf/us-central1/tags/list [none]
[debug] [2025-04-08T01:54:07.438Z] <<< [apiv2][status] GET https://us.gcr.io/v2/globtherapist/gcf/us-central1/tags/list 404
[debug] [2025-04-08T01:54:07.438Z] <<< [apiv2][body] GET https://us.gcr.io/v2/globtherapist/gcf/us-central1/tags/list {"errors":[{"code":"NAME_UNKNOWN","message":"Repository \"us.gcr.io\" not found"}]}
[debug] [2025-04-08T01:54:07.438Z] Failed docker command with error  Request to https://us.gcr.io/v2/globtherapist/gcf/us-central1/tags/list had HTTP Error: 404, Not Found {"name":"FirebaseError","children":[],"context":{"body":{"errors":[{"code":"NAME_UNKNOWN","message":"Repository \"us.gcr.io\" not found"}],"error":{"message":"Not Found"}},"response":{"statusCode":404}},"exit":1,"message":"Request to https://us.gcr.io/v2/globtherapist/gcf/us-central1/tags/list had HTTP Error: 404, Not Found","status":404}
[debug] [2025-04-08T01:54:07.455Z] Checked if tokens are valid: true, expires at: 1744078590050
[debug] [2025-04-08T01:54:07.455Z] Checked if tokens are valid: true, expires at: 1744078590050
[debug] [2025-04-08T01:54:07.455Z] >>> [apiv2][query] GET https://us.gcr.io/v2/globtherapist/gcf/us-central1/tags/list [none]
[debug] [2025-04-08T01:54:07.505Z] <<< [apiv2][status] DELETE https://artifactregistry.googleapis.com/v1beta2/projects/globtherapist/locations/us-central1/repositories/gcf-artifacts/packages/api 404
[debug] [2025-04-08T01:54:07.505Z] <<< [apiv2][body] DELETE https://artifactregistry.googleapis.com/v1beta2/projects/globtherapist/locations/us-central1/repositories/gcf-artifacts/packages/api {"error":{"code":404,"message":"Package \"projects/globtherapist/locations/us-central1/repositories/gcf-artifacts/packages/api\" was not found.","status":"NOT_FOUND"}}
[debug] [2025-04-08T01:54:07.581Z] <<< [apiv2][status] GET https://us.gcr.io/v2/globtherapist/gcf/us-central1/tags/list 404
[debug] [2025-04-08T01:54:07.581Z] <<< [apiv2][body] GET https://us.gcr.io/v2/globtherapist/gcf/us-central1/tags/list {"errors":[{"code":"NAME_UNKNOWN","message":"Repository \"us.gcr.io\" not found"}]}
[debug] [2025-04-08T01:54:07.581Z] Failed docker command with error  Request to https://us.gcr.io/v2/globtherapist/gcf/us-central1/tags/list had HTTP Error: 404, Not Found {"name":"FirebaseError","children":[],"context":{"body":{"errors":[{"code":"NAME_UNKNOWN","message":"Repository \"us.gcr.io\" not found"}],"error":{"message":"Not Found"}},"response":{"statusCode":404}},"exit":1,"message":"Request to https://us.gcr.io/v2/globtherapist/gcf/us-central1/tags/list had HTTP Error: 404, Not Found","status":404}
[debug] [2025-04-08T01:54:07.687Z] Checked if tokens are valid: true, expires at: 1744078590050
[debug] [2025-04-08T01:54:07.687Z] Checked if tokens are valid: true, expires at: 1744078590050
[debug] [2025-04-08T01:54:07.687Z] >>> [apiv2][query] GET https://us.gcr.io/v2/globtherapist/gcf/us-central1/tags/list [none]
[debug] [2025-04-08T01:54:07.822Z] <<< [apiv2][status] GET https://us.gcr.io/v2/globtherapist/gcf/us-central1/tags/list 404
[debug] [2025-04-08T01:54:07.822Z] <<< [apiv2][body] GET https://us.gcr.io/v2/globtherapist/gcf/us-central1/tags/list {"errors":[{"code":"NAME_UNKNOWN","message":"Repository \"us.gcr.io\" not found"}]}
[debug] [2025-04-08T01:54:07.822Z] Failed docker command with error  Request to https://us.gcr.io/v2/globtherapist/gcf/us-central1/tags/list had HTTP Error: 404, Not Found {"name":"FirebaseError","children":[],"context":{"body":{"errors":[{"code":"NAME_UNKNOWN","message":"Repository \"us.gcr.io\" not found"}],"error":{"message":"Not Found"}},"response":{"statusCode":404}},"exit":1,"message":"Request to https://us.gcr.io/v2/globtherapist/gcf/us-central1/tags/list had HTTP Error: 404, Not Found","status":404}
[warn] !  functions: Unhandled error cleaning up build images. This could result in a small monthly bill if not corrected. You can attempt to delete these images by redeploying or you can delete them manually at https://console.cloud.google.com/gcr/images/globtherapist/us/gcf 
[debug] [2025-04-08T01:54:07.823Z] Functions deploy failed.
[debug] [2025-04-08T01:54:07.823Z] {
  "endpoint": {
    "id": "api",
    "project": "globtherapist",
    "region": "us-central1",
    "entryPoint": "api",
    "platform": "gcfv2",
    "runtime": "nodejs20",
    "httpsTrigger": {},
    "labels": {
      "deployment-tool": "cli-firebase"
    },
    "ingressSettings": null,
    "availableMemoryMb": null,
    "serviceAccount": null,
    "timeoutSeconds": null,
    "maxInstances": null,
    "minInstances": null,
    "concurrency": 80,
    "vpc": null,
    "environmentVariables": {
      "FIREBASE_CONFIG": "{\"projectId\":\"globtherapist\",\"databaseURL\":\"https://globtherapist-default-rtdb.firebaseio.com\",\"storageBucket\":\"globtherapist.firebasestorage.app\"}",
      "GCLOUD_PROJECT": "globtherapist",
      "EVENTARC_CLOUD_EVENT_SOURCE": "projects/globtherapist/locations/us-central1/services/api"
    },
    "codebase": "default",
    "cpu": 1,
    "targetedByOnly": false,
    "hash": "8a697f5be0f8035a0b12086967bf84825e8406b7"
  },
  "op": "create",
  "original": {
    "name": "FirebaseError",
    "children": [],
    "exit": 1,
    "message": "Could not create or update Cloud Run service api, Container Healthcheck failed. Revision 'api-00001-qik' is not ready and cannot serve traffic. The user-provided container failed to start and listen on the port defined provided by the PORT=8080 environment variable within the allocated timeout. This can happen when the container port is misconfigured or if the timeout is too short. The health check timeout can be extended. Logs for this revision might contain more information.\n\nLogs URL: https://console.cloud.google.com/logs/viewer?project=globtherapist&resource=cloud_run_revision/service_name/api/revision_name/api-00001-qik&advancedFilter=resource.type%3D%22cloud_run_revision%22%0Aresource.labels.service_name%3D%22api%22%0Aresource.labels.revision_name%3D%22api-00001-qik%22 \nFor more troubleshooting guidance, see https://cloud.google.com/run/docs/troubleshooting#container-failed-to-start",
    "original": {
      "code": 3,
      "message": "Could not create or update Cloud Run service api, Container Healthcheck failed. Revision 'api-00001-qik' is not ready and cannot serve traffic. The user-provided container failed to start and listen on the port defined provided by the PORT=8080 environment variable within the allocated timeout. This can happen when the container port is misconfigured or if the timeout is too short. The health check timeout can be extended. Logs for this revision might contain more information.\n\nLogs URL: https://console.cloud.google.com/logs/viewer?project=globtherapist&resource=cloud_run_revision/service_name/api/revision_name/api-00001-qik&advancedFilter=resource.type%3D%22cloud_run_revision%22%0Aresource.labels.service_name%3D%22api%22%0Aresource.labels.revision_name%3D%22api-00001-qik%22 \nFor more troubleshooting guidance, see https://cloud.google.com/run/docs/troubleshooting#container-failed-to-start"
    },
    "status": 3,
    "code": 3
  }
}
[debug] [2025-04-08T01:54:07.891Z] Error: Failed to create function api in region us-central1
    at C:\Users\benze\AppData\Roaming\npm\node_modules\firebase-tools\lib\deploy\functions\release\fabricator.js:294:27
    at process.processTicksAndRejections (node:internal/process/task_queues:105:5)
    at async Fabricator.createV2Function (C:\Users\benze\AppData\Roaming\npm\node_modules\firebase-tools\lib\deploy\functions\release\fabricator.js:278:30)
    at async Fabricator.createEndpoint (C:\Users\benze\AppData\Roaming\npm\node_modules\firebase-tools\lib\deploy\functions\release\fabricator.js:137:13)
    at async handle (C:\Users\benze\AppData\Roaming\npm\node_modules\firebase-tools\lib\deploy\functions\release\fabricator.js:89:17)
[error] 
[error] Error: There was an error deploying functions
